# ************************************************************
# Sequel Pro SQL dump
# Versión 4541
#
# http://www.sequelpro.com/
# https://github.com/sequelpro/sequelpro
#
# Host: 127.0.0.1 (MySQL 5.5.42)
# Base de datos: geopark
# Tiempo de Generación: 2017-08-02 05:07:16 +0000
# ************************************************************


/*!40101 SET @OLD_CHARACTER_SET_CLIENT=@@CHARACTER_SET_CLIENT */;
/*!40101 SET @OLD_CHARACTER_SET_RESULTS=@@CHARACTER_SET_RESULTS */;
/*!40101 SET @OLD_COLLATION_CONNECTION=@@COLLATION_CONNECTION */;
/*!40101 SET NAMES utf8 */;
/*!40014 SET @OLD_FOREIGN_KEY_CHECKS=@@FOREIGN_KEY_CHECKS, FOREIGN_KEY_CHECKS=0 */;
/*!40101 SET @OLD_SQL_MODE=@@SQL_MODE, SQL_MODE='NO_AUTO_VALUE_ON_ZERO' */;
/*!40111 SET @OLD_SQL_NOTES=@@SQL_NOTES, SQL_NOTES=0 */;


# Volcado de tabla acabados_tanques
# ------------------------------------------------------------

DROP TABLE IF EXISTS `acabados_tanques`;

CREATE TABLE `acabados_tanques` (
  `id` int(11) NOT NULL AUTO_INCREMENT,
  `acabados_tanque` varchar(100) NOT NULL,
  PRIMARY KEY (`id`)
) ENGINE=InnoDB DEFAULT CHARSET=utf8;

LOCK TABLES `acabados_tanques` WRITE;
/*!40000 ALTER TABLE `acabados_tanques` DISABLE KEYS */;

INSERT INTO `acabados_tanques` (`id`, `acabados_tanque`)
VALUES
	(1,'Rústico'),
	(2,'Enchapado'),
	(3,'Esmaltado'),
	(4,'Ninguno');

/*!40000 ALTER TABLE `acabados_tanques` ENABLE KEYS */;
UNLOCK TABLES;


# Volcado de tabla actividad_cultivos
# ------------------------------------------------------------

DROP TABLE IF EXISTS `actividad_cultivos`;

CREATE TABLE `actividad_cultivos` (
  `id` int(11) NOT NULL AUTO_INCREMENT,
  `actividad_cultivo` varchar(20) NOT NULL,
  PRIMARY KEY (`id`)
) ENGINE=InnoDB DEFAULT CHARSET=utf8;

LOCK TABLES `actividad_cultivos` WRITE;
/*!40000 ALTER TABLE `actividad_cultivos` DISABLE KEYS */;

INSERT INTO `actividad_cultivos` (`id`, `actividad_cultivo`)
VALUES
	(1,'Preparación'),
	(2,'Siembra'),
	(3,'Deshierbado'),
	(4,'Abonado'),
	(5,'Cosecha');

/*!40000 ALTER TABLE `actividad_cultivos` ENABLE KEYS */;
UNLOCK TABLES;


# Volcado de tabla actividad_manejo_animales
# ------------------------------------------------------------

DROP TABLE IF EXISTS `actividad_manejo_animales`;

CREATE TABLE `actividad_manejo_animales` (
  `id` int(11) NOT NULL AUTO_INCREMENT,
  `nombre_actividad` varchar(50) NOT NULL,
  PRIMARY KEY (`id`)
) ENGINE=InnoDB DEFAULT CHARSET=utf8;

LOCK TABLES `actividad_manejo_animales` WRITE;
/*!40000 ALTER TABLE `actividad_manejo_animales` DISABLE KEYS */;

INSERT INTO `actividad_manejo_animales` (`id`, `nombre_actividad`)
VALUES
	(1,'Desparasitación'),
	(2,'Baños'),
	(3,'Vacunación');

/*!40000 ALTER TABLE `actividad_manejo_animales` ENABLE KEYS */;
UNLOCK TABLES;


# Volcado de tabla actividades_externas
# ------------------------------------------------------------

DROP TABLE IF EXISTS `actividades_externas`;

CREATE TABLE `actividades_externas` (
  `id` int(11) NOT NULL AUTO_INCREMENT,
  `actividad_externa` varchar(50) NOT NULL,
  PRIMARY KEY (`id`)
) ENGINE=InnoDB DEFAULT CHARSET=utf8;

LOCK TABLES `actividades_externas` WRITE;
/*!40000 ALTER TABLE `actividades_externas` DISABLE KEYS */;

INSERT INTO `actividades_externas` (`id`, `actividad_externa`)
VALUES
	(1,'Labores agropecuarias'),
	(2,'Hogar'),
	(3,'Estudio'),
	(4,'Comercio'),
	(5,'Empresa petrolera');

/*!40000 ALTER TABLE `actividades_externas` ENABLE KEYS */;
UNLOCK TABLES;


# Volcado de tabla aplicacion_insumos
# ------------------------------------------------------------

DROP TABLE IF EXISTS `aplicacion_insumos`;

CREATE TABLE `aplicacion_insumos` (
  `id` int(11) NOT NULL AUTO_INCREMENT,
  `insumo` varchar(500) NOT NULL,
  `cantidad` int(11) NOT NULL,
  `frecuencia` varchar(200) NOT NULL,
  `id_cultivo` int(11) DEFAULT NULL,
  `id_etapa` int(11) NOT NULL,
  `updated_at` timestamp NULL DEFAULT NULL,
  `created_at` timestamp NULL DEFAULT NULL,
  PRIMARY KEY (`id`),
  KEY `Refinsumos95` (`insumo`(255)),
  KEY `Refmanejo_mantenimientos104` (`id_cultivo`)
) ENGINE=InnoDB DEFAULT CHARSET=utf8;

LOCK TABLES `aplicacion_insumos` WRITE;
/*!40000 ALTER TABLE `aplicacion_insumos` DISABLE KEYS */;

INSERT INTO `aplicacion_insumos` (`id`, `insumo`, `cantidad`, `frecuencia`, `id_cultivo`, `id_etapa`, `updated_at`, `created_at`)
VALUES
	(1,'Insumo XXX',10,'2',1,1,'2017-07-18 20:19:00','2017-07-18 20:19:00'),
	(3,'Insumo ZZZ',5,'1',1,2,'2017-07-18 20:23:13','2017-07-18 20:23:13');

/*!40000 ALTER TABLE `aplicacion_insumos` ENABLE KEYS */;
UNLOCK TABLES;


# Volcado de tabla aplicacion_insumos_praderas
# ------------------------------------------------------------

DROP TABLE IF EXISTS `aplicacion_insumos_praderas`;

CREATE TABLE `aplicacion_insumos_praderas` (
  `id` int(11) NOT NULL AUTO_INCREMENT,
  `dosis_ha` float(8,0) NOT NULL,
  `jornales_ha` float(8,0) NOT NULL,
  `periodicidad` varchar(200) NOT NULL,
  `id_reg_practica_pradera` int(11) NOT NULL,
  `id_unidad_producto` int(11) NOT NULL,
  `id_insumo` int(11) NOT NULL,
  PRIMARY KEY (`id`),
  KEY `Refreg_practica_manejo_praderas123` (`id_reg_practica_pradera`),
  KEY `Refunidad_productos124` (`id_unidad_producto`),
  KEY `Refinsumos239` (`id_insumo`)
) ENGINE=InnoDB DEFAULT CHARSET=utf8;



# Volcado de tabla beneficiarios
# ------------------------------------------------------------

DROP TABLE IF EXISTS `beneficiarios`;

CREATE TABLE `beneficiarios` (
  `id` int(11) unsigned NOT NULL AUTO_INCREMENT,
  `no_cedula` varchar(15) NOT NULL DEFAULT '',
  `nombres` varchar(50) NOT NULL DEFAULT '',
  `apellidos` varchar(50) NOT NULL DEFAULT '',
  `no_celular` varchar(50) DEFAULT NULL,
  `fecha_nacimiento` date DEFAULT NULL,
  `created_at` timestamp NOT NULL DEFAULT '0000-00-00 00:00:00',
  `updated_at` timestamp NOT NULL DEFAULT '0000-00-00 00:00:00',
  PRIMARY KEY (`id`),
  UNIQUE KEY `no_cedula` (`no_cedula`)
) ENGINE=InnoDB DEFAULT CHARSET=utf8;

LOCK TABLES `beneficiarios` WRITE;
/*!40000 ALTER TABLE `beneficiarios` DISABLE KEYS */;

INSERT INTO `beneficiarios` (`id`, `no_cedula`, `nombres`, `apellidos`, `no_celular`, `fecha_nacimiento`, `created_at`, `updated_at`)
VALUES
	(1,'171952','JOSE VICENTE','TELLEZ','3107593728','1933-07-28','2017-05-18 00:00:00','2017-05-18 00:00:00'),
	(2,'246953','ELEUTERIO ','CHAVES FIERRO','3212161943','1933-11-21','2017-05-18 00:00:00','2017-05-18 00:00:00'),
	(3,'377907','MANUEL ','RIA?O FRANCO','3202513275','1935-09-20','2017-05-18 00:00:00','2017-05-18 00:00:00'),
	(4,'462395','SEGUNDO','DELGADO','3102125066','1945-04-17','2017-05-18 00:00:00','2017-05-18 00:00:00'),
	(5,'498680','LUIS EDUARDO ','ORTEGA MALDONADO','312 510 1890','0000-00-00','2017-05-18 00:00:00','2017-05-18 00:00:00'),
	(6,'1017755','JUAN DE  JESUS','  BERMUDEZ VARGAS','3204985859','1939-06-28','2017-05-18 00:00:00','2017-05-18 00:00:00'),
	(7,'1017865','LUIS ALFREDO ','TORRES PARRA','3143686228','1942-06-26','2017-05-18 00:00:00','2017-05-18 00:00:00'),
	(8,'1017889','GERARDO','BERMUDEZ CASTA?EDA','3143566559','1944-05-30','2017-05-18 00:00:00','2017-05-18 00:00:00'),
	(9,'1074716','ALVARO',' BAYONA BAYONA','3133308203','0000-00-00','2017-05-18 00:00:00','2017-05-18 00:00:00'),
	(10,'1079843','PUBLIO RAUL','OVALLE','3214523244','1984-11-11','2017-05-18 00:00:00','2017-05-18 00:00:00'),
	(11,'1106443','JUAN NEPOMUCENO',' CELY RINCON','3108028374','1947-09-11','2017-05-18 00:00:00','2017-05-18 00:00:00'),
	(12,'2118008','MARLENE ','GIL DE BACCA','3142986575','0000-00-00','2017-05-18 00:00:00','2017-05-18 00:00:00'),
	(13,'2526853','JOSE SANTOS',' PAEZ','3108833042','0000-00-00','2017-05-18 00:00:00','2017-05-18 00:00:00'),
	(14,'2746558','DANIEL','MALAVER ROMERO','3142793171','1951-05-05','2017-05-18 00:00:00','2017-05-18 00:00:00'),
	(15,'2746605','ABEL ZAMBRANO',' GARCIA','3108699756','0000-00-00','2017-05-18 00:00:00','2017-05-18 00:00:00'),
	(16,'2746753','ADRIANO',' CARDOZO CUELLAR','3124813988','0000-00-00','2017-05-18 00:00:00','2017-05-18 00:00:00'),
	(17,'2746896','ANDRES ','LARA','3105505241','1964-09-22','2017-05-18 00:00:00','2017-05-18 00:00:00'),
	(18,'2746931','ISIDRO',' CARDOZO CUELLAR','3102833823','0000-00-00','2017-05-18 00:00:00','2017-05-18 00:00:00'),
	(19,'2863097','SIMON ','MEDINA','3114735501','1937-03-19','2017-05-18 00:00:00','2017-05-18 00:00:00'),
	(20,'3098417','DARIO RODRIGO','RODRIGUEZ  BEJARANO','3103147349','1958-06-15','2017-05-18 00:00:00','2017-05-18 00:00:00'),
	(21,'3099638','ROSEBEL ERNESTO','RUIZ MAHECHA','3204944410','1968-09-14','2017-05-18 00:00:00','2017-05-18 00:00:00'),
	(22,'3100143','GONZALO ','RUIZ MAHECHA','3133592571','0000-00-00','2017-05-18 00:00:00','2017-05-18 00:00:00'),
	(23,'3100252','JOSE DE LA CRUZ ','RAMIREZ LINAREZ','3124976654','1972-02-06','2017-05-18 00:00:00','2017-05-18 00:00:00'),
	(24,'3272636','PEDRO ANTONIO ','BACCA PALACIOS','3123501423','1959-10-12','2017-05-18 00:00:00','2017-05-18 00:00:00'),
	(25,'3283161','MANUEL ANTONIO','FRANCO PATI?O','3203398324','1953-07-30','2017-05-18 00:00:00','2017-05-18 00:00:00'),
	(26,'3285619','LUIS EDUARDO','PAEZ','3138972881','1939-03-18','2017-05-18 00:00:00','2017-05-18 00:00:00'),
	(27,'3288937','H?CTOR',' ESPEJO MANCHAY','3138471098','1941-12-31','2017-05-18 00:00:00','2017-05-18 00:00:00'),
	(28,'3290978','LISANDRO  MARTIN ','LOPEZ  CABALLERO','3134508428','1943-09-02','2017-05-18 00:00:00','2017-05-18 00:00:00'),
	(29,'3291091','MISAEL','SOLANO CASTRO','3202324849','1944-07-25','2017-05-18 00:00:00','2017-05-18 00:00:00'),
	(30,'3294609','MIGUEL','  SALCEDO  MONSALVE','3144272422','1946-09-29','2017-05-18 00:00:00','2017-05-18 00:00:00'),
	(31,'3294827','JESUS ANTONIO ','MEJIA VARGAS','320 4659345','0000-00-00','2017-05-18 00:00:00','2017-05-18 00:00:00'),
	(32,'3295402','JORGE ENRIQUE ','GIL ROMERO','3132537794','1947-03-31','2017-05-18 00:00:00','2017-05-18 00:00:00'),
	(33,'3296081','ANDRES',' TORRES LARA','3118815095','0000-00-00','2017-05-18 00:00:00','2017-05-18 00:00:00'),
	(34,'3296392','MISAEL',' ARIAS','3112405109','0000-00-00','2017-05-18 00:00:00','2017-05-18 00:00:00'),
	(35,'3296801','ANGEL CUSTODIO',' ESPINOSA RAMIREZ','3132778762','1943-11-01','2017-05-18 00:00:00','2017-05-18 00:00:00'),
	(36,'3297985','LUIS ENRRIQUE','BONILLA BARRERO','3208512371','1944-05-05','2017-05-18 00:00:00','2017-05-18 00:00:00'),
	(37,'3298301','ANGEL CUSTODIO','ESPINOSA RAMIREZ','3132773762','1943-10-01','2017-05-18 00:00:00','2017-05-18 00:00:00'),
	(38,'3298371','JUAN  ANTONIO','  ALFONSO  RODRIGUEZ','3207237424','1946-08-15','2017-05-18 00:00:00','2017-05-18 00:00:00'),
	(39,'3504519','ELIAS ','ORREGO TRUJILLO','3138862121','0000-00-00','2017-05-18 00:00:00','2017-05-18 00:00:00'),
	(40,'4071300','ARMANDO','RAMIREZ INFANTE','3112953641','1975-08-26','2017-05-18 00:00:00','2017-05-18 00:00:00'),
	(41,'4073206','CARLOS  ARTURO','LOPEZ PERILLA','3133454173','1940-01-25','2017-05-18 00:00:00','2017-05-18 00:00:00'),
	(42,'4073228','LUIS  FELIPE ','BOHORQUEZ  VIVAS','3115240779','1940-09-21','2017-05-18 00:00:00','2017-05-18 00:00:00'),
	(43,'4076138','ESIDEC ','MAHECHA PEDREROS','3138578589','1937-05-25','2017-05-18 00:00:00','2017-05-18 00:00:00'),
	(44,'4076391','JOSE ISIDRO','MARTINEZ TORRES','3125737759','1962-09-18','2017-05-18 00:00:00','2017-05-18 00:00:00'),
	(45,'4076458','EDUARDO SANTOS','CASTA?EDA MARTINEZ','3114684103','1961-04-18','2017-05-18 00:00:00','2017-05-18 00:00:00'),
	(46,'4076605','MARCO AURELIO','DAZA FULA','3133391437','1946-08-20','2017-05-18 00:00:00','2017-05-18 00:00:00'),
	(47,'4077054','SAUL ','LEGUIZAMON LEGUIZAMON','3212154371','0000-00-00','2017-05-18 00:00:00','2017-05-18 00:00:00'),
	(48,'4077055','JESUS AMILCAR','DAZA RUIZ','3143475753','1955-04-18','2017-05-18 00:00:00','2017-05-18 00:00:00'),
	(49,'4077394','VIDAL',' ESPEJO SALGADO','3124805474','0000-00-00','2017-05-18 00:00:00','2017-05-18 00:00:00'),
	(50,'4077473','JUAN JOSE','MARTIN GONZALEZ','3144638729','0000-00-00','2017-05-18 00:00:00','2017-05-18 00:00:00'),
	(51,'4125342','JOSE GREGORIO','ALFONSO ROJAS','3134072883','1952-03-08','2017-05-18 00:00:00','2017-05-18 00:00:00'),
	(52,'4129487','OSCAR  HERNANDO ','BULLA RIVERA','  310 322 7491','1948-12-08','2017-05-18 00:00:00','2017-05-18 00:00:00'),
	(53,'4148255','LUIS ALCIDES','GAMBOA MENDOZA','3208402950','1963-03-15','2017-05-18 00:00:00','2017-05-18 00:00:00'),
	(54,'4148494','ABELARDO','CANO AVILA','3132679128','1967-12-11','2017-05-18 00:00:00','2017-05-18 00:00:00'),
	(55,'4150720','CIRO ELIECER ','SALGADO ACEVEDO','3124614420','1970-10-19','2017-05-18 00:00:00','2017-05-18 00:00:00'),
	(56,'4163621','MIGUEL ','ALONSO MARTINEZ','3102165518','1955-09-29','2017-05-18 00:00:00','2017-05-18 00:00:00'),
	(57,'4166007','ALVARO ','MARTINEZ CARO','3124786488','1967-11-22','2017-05-18 00:00:00','2017-05-18 00:00:00'),
	(58,'4296363','MARCO ANTONIO ','GALLEGO HUERTAS','3214856285','1940-07-25','2017-05-18 00:00:00','2017-05-18 00:00:00'),
	(59,'4400527','ARMANDO',' RUSSI','3114735501','0000-00-00','2017-05-18 00:00:00','2017-05-18 00:00:00'),
	(60,'5626130','LUIS ALFREDO ','VARGAS FONSECA','3143726485','1963-10-16','2017-05-18 00:00:00','2017-05-18 00:00:00'),
	(61,'5864424','WILLIAM',' ROJAS ROJAS','3116520518','0000-00-00','2017-05-18 00:00:00','2017-05-18 00:00:00'),
	(62,'5901463','ARMANDO',' SANCHEZ MURILLO','3102065224','0000-00-00','2017-05-18 00:00:00','2017-05-18 00:00:00'),
	(63,'6667666','MILLER','ORTIZ CUBILLOS','3212841139','1947-12-13','2017-05-18 00:00:00','2017-05-18 00:00:00'),
	(64,'7060176','JOSE  SEVERO',' LOPEZ   VANEGAS','311 4865474','1963-03-03','2017-05-18 00:00:00','2017-05-18 00:00:00'),
	(65,'7060256','SALVADOR ','RINCON PABON','3204537407','1965-05-30','2017-05-18 00:00:00','2017-05-18 00:00:00'),
	(66,'7060439','MARCO EMILIO','BERNAL ARIAS','3204089630','1961-04-18','2017-05-18 00:00:00','2017-05-18 00:00:00'),
	(67,'7060451','BENIGNO',' CASTA?EDA MART?NEZ','3102837126','1966-06-30','2017-05-18 00:00:00','2017-05-18 00:00:00'),
	(68,'7060494','RAFAEL ANTONIO','  ARIAS  MAHECHA','3203443330','1962-12-04','2017-05-18 00:00:00','2017-05-18 00:00:00'),
	(69,'7060495','ISRAEL ','VARGAS CAMACHO','3118209104','1966-04-22','2017-05-18 00:00:00','2017-05-18 00:00:00'),
	(70,'7060548','VITALIANO',' CAMPOS BARRERA','3134412267','0000-00-00','2017-05-18 00:00:00','2017-05-18 00:00:00'),
	(71,'7060595','DAGOBERTO',' LOPEZ VANEGAS','312 350 6282','1967-11-06','2017-05-18 00:00:00','2017-05-18 00:00:00'),
	(72,'7060616','MARCO ANTONIO','BERNAL GAMEZ','3102841136','1968-03-25','2017-05-18 00:00:00','2017-05-18 00:00:00'),
	(73,'7060711','PLUTARCO ','MALAVER ROMERO','3105687685','1968-12-01','2017-05-18 00:00:00','2017-05-18 00:00:00'),
	(74,'7060714','HUMBERTO ALDINO ','BERMUDEZ AVILA','3213524063','1968-03-27','2017-05-18 00:00:00','2017-05-18 00:00:00'),
	(75,'7060721','DUMAR ','LESMES CAMPOS','3144060281','1968-04-18','2017-05-18 00:00:00','2017-05-18 00:00:00'),
	(76,'7060724','JOSE EDILSON ','JIMENEZ LARA','3102710885','1968-12-31','2017-05-18 00:00:00','2017-05-18 00:00:00'),
	(77,'7060763','OMAR','TELLEZ GUERRERO','3219683759','1967-12-13','2017-05-18 00:00:00','2017-05-18 00:00:00'),
	(78,'7060808','PASTOR ','JIMENEZ LARA','3105553744','1962-09-23','2017-05-18 00:00:00','2017-05-18 00:00:00'),
	(79,'7060818','PASTOR',' JIMENEZ LARA','3105553744','0000-00-00','2017-05-18 00:00:00','2017-05-18 00:00:00'),
	(80,'7060837','GERMAN',' VARGAS','3212013955','1968-09-04','2017-05-18 00:00:00','2017-05-18 00:00:00'),
	(81,'7060847','JOSE NEIL','MARTINEZ MAHECHA','3133750387','1969-08-17','2017-05-18 00:00:00','2017-05-18 00:00:00'),
	(82,'7060864','CARLOS  JULIO ','BERMUDEZ AVILA','3142523274','1970-06-16','2017-05-18 00:00:00','2017-05-18 00:00:00'),
	(83,'7060995','NELSON DAVID','MORALES ROMERO','3115493572','1971-03-15','2017-05-18 00:00:00','2017-05-18 00:00:00'),
	(84,'7061186','LUIS ALFREDO ','TORRES MARTINEZ','3213121044','1972-10-04','2017-05-18 00:00:00','2017-05-18 00:00:00'),
	(85,'7061307','JOSE   SEVERO ','BERNAL GAMEZ','3143012419','1972-08-09','2017-05-18 00:00:00','2017-05-18 00:00:00'),
	(86,'7061338','NELSON',' BERMUDEZ AVILA','3112340448','1974-01-23','2017-05-18 00:00:00','2017-05-18 00:00:00'),
	(87,'7061385','YESID ','BACCA GUARGUATI','3112212262','1972-10-05','2017-05-18 00:00:00','2017-05-18 00:00:00'),
	(88,'7061409','SERVO TULIO','BACCA GUARGUATI','3208964796','1974-01-26','2017-05-18 00:00:00','2017-05-18 00:00:00'),
	(89,'7061414','JUAN  RAMON ','ALFOSO  FRANCO','3108041150','1974-04-03','2017-05-18 00:00:00','2017-05-18 00:00:00'),
	(90,'7061485','ELIECER','MORENO MENDOZA','3133832013','1979-09-30','2017-05-18 00:00:00','2017-05-18 00:00:00'),
	(91,'7061518','JOBANNY ','AMADOR BOBADILLA','3112062967','1972-12-03','2017-05-18 00:00:00','2017-05-18 00:00:00'),
	(92,'7061609','FLORENCIO ','MAHECHA TORRES','3138334969','1974-08-29','2017-05-18 00:00:00','2017-05-18 00:00:00'),
	(93,'7061728','ALEJANDRO ','RODRIGUEZ RAMIREZ','3213082852','1975-06-25','2017-05-18 00:00:00','2017-05-18 00:00:00'),
	(94,'7061783','PEDRO MIGUEL ','GUTIERREZ  VARGAS','3144647722','1972-02-18','2017-05-18 00:00:00','2017-05-18 00:00:00'),
	(95,'7061835','RODOLFO',' CARDONA BARRIOS','3209521804','0000-00-00','2017-05-18 00:00:00','2017-05-18 00:00:00'),
	(96,'7061891','JOSE MARIA ','TELLEZ GUERRERO','3202513275','0000-00-00','2017-05-18 00:00:00','2017-05-18 00:00:00'),
	(97,'7061955','FLAHUBER','ARIAS BUITRAGO','3203302277','1977-03-14','2017-05-18 00:00:00','2017-05-18 00:00:00'),
	(98,'7062459','ODILIO ','GUERRERO RINCON','3142182510','1978-09-01','2017-05-18 00:00:00','2017-05-18 00:00:00'),
	(99,'7062505','JOSE ALIRIO','BERMUDEZ AVILA','3138982524','1979-03-03','2017-05-18 00:00:00','2017-05-18 00:00:00'),
	(100,'7062568','JAIBER ALONSO',' RUIZ RESTREPO','3103409932','1979-09-10','2017-05-18 00:00:00','2017-05-18 00:00:00'),
	(101,'7062699','MARIO ALEJANDRO','REYES USUGA','3138307412','1981-05-05','2017-05-18 00:00:00','2017-05-18 00:00:00'),
	(102,'7062700','ALBA PATRICIA',' MU?OZ RODRIGUEZ','3202040195','0000-00-00','2017-05-18 00:00:00','2017-05-18 00:00:00'),
	(103,'7063135','ALEJANDRO ','MOYANO GARZON','321 2620180','1982-11-16','2017-05-18 00:00:00','2017-05-18 00:00:00'),
	(104,'7063215','MARCOS ARLINTON',' BERNAL MARTINEZ ','3124155082','0000-00-00','2017-05-18 00:00:00','2017-05-18 00:00:00'),
	(105,'7063241','HECTOR  NIXON ',' MORENO MENDOZA','3208150289','0000-00-00','2017-05-18 00:00:00','2017-05-18 00:00:00'),
	(106,'7063278','YOGUL  ARNULFO','BOHORQUEZ  ROMERO','3202131057','1984-03-14','2017-05-18 00:00:00','2017-05-18 00:00:00'),
	(107,'7063473','FABIAN ALVEIRO ','SOLER JIMENEZ','3123637874','1985-05-30','2017-05-18 00:00:00','2017-05-18 00:00:00'),
	(108,'7230241','FERNANDO','HERNANDEZ MANCHAY','3132138409','1957-10-20','2017-05-18 00:00:00','2017-05-18 00:00:00'),
	(109,'7231300','TEODOLINDO ','MORENO','3114687687','1968-05-16','2017-05-18 00:00:00','2017-05-18 00:00:00'),
	(110,'7231302','ADONICEDED ','JAIMES GALLEGO','3112971346','1970-12-07','2017-05-18 00:00:00','2017-05-18 00:00:00'),
	(111,'7275510','JOSE RIGOBERTO',' DAZA VEGA','3107952586','1955-10-15','2017-05-18 00:00:00','2017-05-18 00:00:00'),
	(112,'7277296','ERACLIO','CARRILLO OSORIO','3212469608','1966-06-15','2017-05-18 00:00:00','2017-05-18 00:00:00'),
	(113,'7330710','JOSE ARTURO','FERNANDEZ MORALES','3144285757','1948-03-28','2017-05-18 00:00:00','2017-05-18 00:00:00'),
	(114,'7331440','CAMPO ELIAS','GUZMAN TORRES','3107958172','1963-02-26','2017-05-18 00:00:00','2017-05-18 00:00:00'),
	(115,'7818178','PAULO ','CIFUENTES RAM?REZ','3144486223','1961-12-10','2017-05-18 00:00:00','2017-05-18 00:00:00'),
	(116,'7822303','REINALDO','LOPEZ SEGURA','31077634194','1975-10-14','2017-05-18 00:00:00','2017-05-18 00:00:00'),
	(117,'8186907','CARLOS ANCIZAR','GOMEZ TANGARIFE','3133253038','0000-00-00','2017-05-18 00:00:00','2017-05-18 00:00:00'),
	(118,'9529544','HECTOR  NAUL',' LOPEZ BARRETO','311 810 8500','1900-02-18','2017-05-18 00:00:00','2017-05-18 00:00:00'),
	(119,'9630003','DUMAR HERNANDO','MALDONADO RINCON','3134109628','1961-09-11','2017-05-18 00:00:00','2017-05-18 00:00:00'),
	(120,'9630062','WILLINTON','ORTIZ MARTINEZ','3133657739','1984-06-20','2017-05-18 00:00:00','2017-05-18 00:00:00'),
	(121,'9630125','SIGIFREDO ','RUIZ RESTREPO','3219286604','1984-04-18','2017-05-18 00:00:00','2017-05-18 00:00:00'),
	(122,'12206437','ENRIQUE','CABRERA RAMIREZ','3214501289','0000-00-00','2017-05-18 00:00:00','2017-05-18 00:00:00'),
	(123,'13363510','EDISON','CORTES LEGUISAMO','3102618548','1959-04-12','2017-05-18 00:00:00','2017-05-18 00:00:00'),
	(124,'13520194','SAUL','ROJAS PRADA','3102125066','1974-09-09','2017-05-18 00:00:00','2017-05-18 00:00:00'),
	(125,'17148836','MANUEL HUMBERTO ','RODRIGUEZ RODRIGUEZ','3202445582','1944-12-09','2017-05-18 00:00:00','2017-05-18 00:00:00'),
	(126,'17220690','JOSE EUCLIDES','GARCIA ALFONSO','3118842419','1966-07-12','2017-05-18 00:00:00','2017-05-18 00:00:00'),
	(127,'17265325','FERNEY ','MONCADA FRANCO','3115146092','1976-01-06','2017-05-18 00:00:00','2017-05-18 00:00:00'),
	(128,'17267843','PEDRO ','HERNANDEZ VACA','312 4076816','0000-00-00','2017-05-18 00:00:00','2017-05-18 00:00:00'),
	(129,'17300987','MARIO  ','RODRIGUEZ  RINCON','310 8826289','1947-02-23','2017-05-18 00:00:00','2017-05-18 00:00:00'),
	(130,'17301307','VICTOR RAMON','BLANCO','3112786062','0000-00-00','2017-05-18 00:00:00','2017-05-18 00:00:00'),
	(131,'17304069','RITO VITELMO','MORALES BARAHONA','3213317285','1951-08-09','2017-05-18 00:00:00','2017-05-18 00:00:00'),
	(132,'17304488','JAIRO',' GIL ROMERO','310 2508269','0000-00-00','2017-05-18 00:00:00','2017-05-18 00:00:00'),
	(133,'17305246','LEONARDO ','ROMERO','3204919858','1946-10-20','2017-05-18 00:00:00','2017-05-18 00:00:00'),
	(134,'17312807','ANGEL RAMIRO','RAMOS GARCIA','3108028512','1958-09-02','2017-05-18 00:00:00','2017-05-18 00:00:00'),
	(135,'17315122','DUMAR  ','RONDON PE?A','312 332 5654','1953-08-06','2017-05-18 00:00:00','2017-05-18 00:00:00'),
	(136,'17317227','FELIX ANTONIO ',' GIL ROMERO','311 257 9166','0000-00-00','2017-05-18 00:00:00','2017-05-18 00:00:00'),
	(137,'17318523','FRANCISCO ','LASPRILLA MORALES','3143977103','1955-01-15','2017-05-18 00:00:00','2017-05-18 00:00:00'),
	(138,'17319129','JOSE ADELMO','MU?OZ BARATO','3107634194','1960-04-08','2017-05-18 00:00:00','2017-05-18 00:00:00'),
	(139,'17320026','OCARIS','MOYA GUTIERREZ','3143224303','1960-05-22','2017-05-18 00:00:00','2017-05-18 00:00:00'),
	(140,'17320974','GERMAN ','GIL ROMERO','3138722300','0000-00-00','2017-05-18 00:00:00','2017-05-18 00:00:00'),
	(141,'17323286','CRISTOBAL EUGENIO ','PARRADO VARGAS','3112518169','1961-10-29','2017-05-18 00:00:00','2017-05-18 00:00:00'),
	(142,'17327912','LUIS ENRIQUE',' BONILLA RODRIGUEZ','3118816055','0000-00-00','2017-05-18 00:00:00','2017-05-18 00:00:00'),
	(143,'17328055','RAUL ','LASPRILLA MORALES','310 2773314','0000-00-00','2017-05-18 00:00:00','2017-05-18 00:00:00'),
	(144,'17328981','TIMOLEON ','CARDENAS CORTES','310 213 6616','0000-00-00','2017-05-18 00:00:00','2017-05-18 00:00:00'),
	(145,'17329420','HENRY','ORTIZ SANCHEZ','3112924217','1964-10-04','2017-05-18 00:00:00','2017-05-18 00:00:00'),
	(146,'17329484','GUSTAVO','BONILLA RODRIGUEZ','3105555274','1964-05-20','2017-05-18 00:00:00','2017-05-18 00:00:00'),
	(147,'17344153','FREDDY','GIL ROMERO','3103432768','1980-10-12','2017-05-18 00:00:00','2017-05-18 00:00:00'),
	(148,'17346971','RAFAEL HERNANDO','DOMINGUEZ ALONSO','3175011927','1971-05-18','2017-05-18 00:00:00','2017-05-18 00:00:00'),
	(149,'17348233','OLMER ','GIL ROMERO','3123862950','0000-00-00','2017-05-18 00:00:00','2017-05-18 00:00:00'),
	(150,'17360240','JOSE JOAQUIN','TRUJILLO ROGELIS','3207371305','1961-07-25','2017-05-18 00:00:00','2017-05-18 00:00:00'),
	(151,'17375019','JOSE ATILANO','GUTIERREZ LUGO','3115231170','1958-05-08','2017-05-18 00:00:00','2017-05-18 00:00:00'),
	(152,'17375051','GUSTAVO ','SALINAS DIAZ','3138317785','1954-03-19','2017-05-18 00:00:00','2017-05-18 00:00:00'),
	(153,'17387597','FROILAN ','CARDENAS CORTES','3102705320','0000-00-00','2017-05-18 00:00:00','2017-05-18 00:00:00'),
	(154,'17413024','JOSE HELIODORO','SABOGAL','3144543370','0000-00-00','2017-05-18 00:00:00','2017-05-18 00:00:00'),
	(155,'17422689','OFREIMAN ALEXANDER','BELARDE','3138722382','1983-12-20','2017-05-18 00:00:00','2017-05-18 00:00:00'),
	(156,'17495007','JOSE ANTONIO','GALINDO','3115500455','1955-10-11','2017-05-18 00:00:00','2017-05-18 00:00:00'),
	(157,'17528367','SERGIO','ORTIZ TOVAR','3123091132','1959-07-18','2017-05-18 00:00:00','2017-05-18 00:00:00'),
	(158,'19062884','CARMELO',' GIL ROMERO','311 5929553','0000-00-00','2017-05-18 00:00:00','2017-05-18 00:00:00'),
	(159,'19144024','MARTIN ','CASALLAS BARAHONA','3142402683','1951-01-19','2017-05-18 00:00:00','2017-05-18 00:00:00'),
	(160,'19164091','SILVERIO','CABALLERO','3203966799','1951-10-10','2017-05-18 00:00:00','2017-05-18 00:00:00'),
	(161,'19298383','LUIS ALFONSO ','LAYTON CASTA','3102067480','0000-00-00','2017-05-18 00:00:00','2017-05-18 00:00:00'),
	(162,'20682757','MARIA   MUSOLA','PARADA  DE  ROMERO','3107566845','0000-00-00','2017-05-18 00:00:00','2017-05-18 00:00:00'),
	(163,'21180046','RUTH MARY ','VACA PALACIOS','320 328 7248','0000-00-00','2017-05-18 00:00:00','2017-05-18 00:00:00'),
	(164,'21182416','NOHEMI  GUTIERREZ','  BELTRAN','311544 0931','1969-06-16','2017-05-18 00:00:00','2017-05-18 00:00:00'),
	(165,'21183366','DIANA JANETH ','HERNANDEZ VACCA','313 240 0659','0000-00-00','2017-05-18 00:00:00','2017-05-18 00:00:00'),
	(166,'21183367','MARTHA LUCILA ','HERNANDEZ BACCA','312 4076816','0000-00-00','2017-05-18 00:00:00','2017-05-18 00:00:00'),
	(167,'21224926','OMAIRA','GIL DE CRUZ','3154594252','1950-01-19','2017-05-18 00:00:00','2017-05-18 00:00:00'),
	(168,'21226762','NEILA ANTONIA ','LASPRILLA MORALES','3103496115','0000-00-00','2017-05-18 00:00:00','2017-05-18 00:00:00'),
	(169,'21231762','EDILMA ','MORA  DE  RUBIANO','3103006705','1949-05-13','2017-05-18 00:00:00','2017-05-18 00:00:00'),
	(170,'21232466','MARIA ISABEL ','GIL ROMERO','3138027081','0000-00-00','2017-05-18 00:00:00','2017-05-18 00:00:00'),
	(171,'21232692','BLANCA TULIA ','GIL ROMERO','310 388 77 12','0000-00-00','2017-05-18 00:00:00','2017-05-18 00:00:00'),
	(172,'21235764','MYRIAN TULIA ','CORNIELES','3138724339','1956-10-21','2017-05-18 00:00:00','2017-05-18 00:00:00'),
	(173,'21237371','DORIS  YOLANDA','  ROMERO  PARADA','311 460 0150','1959-12-17','2017-05-18 00:00:00','2017-05-18 00:00:00'),
	(174,'21240333','GLORIA DIOMAR ','LASPRILLA MORALES','314 354 1651','0000-00-00','2017-05-18 00:00:00','2017-05-18 00:00:00'),
	(175,'21241604','CELIA ','ROMERO DE MALAVER','3102075084','1932-11-30','2017-05-18 00:00:00','2017-05-18 00:00:00'),
	(176,'21242732','OMAIRA ','RUIZ  DAZA','3124792426','1953-10-14','2017-05-18 00:00:00','2017-05-18 00:00:00'),
	(177,'23417653','MARIA GLADYS','SOSA HOLGUIN','3112275846','0000-00-00','2017-05-18 00:00:00','2017-05-18 00:00:00'),
	(178,'23423444','MARIA ','CRECENCIA GALINDO','3125135993','1966-06-11','2017-05-18 00:00:00','2017-05-18 00:00:00'),
	(179,'23423570','RUBI STELLA ','SALGADO ACEVEDO','3108191939','1970-10-19','2017-05-18 00:00:00','2017-05-18 00:00:00'),
	(180,'23423648','FLOR  MARIA','PARADA  PEREZ','3102235309','1974-02-13','2017-05-18 00:00:00','2017-05-18 00:00:00'),
	(181,'23425238','BARBARA ','MORA GALINDO','3133308203','0000-00-00','2017-05-18 00:00:00','2017-05-18 00:00:00'),
	(182,'23425313','BLANCA LILIA',' GALINDO OLARTE','3123663706','1948-01-17','2017-05-18 00:00:00','2017-05-18 00:00:00'),
	(183,'23467719','MARIA ROSARIO ','ALVARADO ROJAS','3208000763','1977-09-06','2017-05-18 00:00:00','2017-05-18 00:00:00'),
	(184,'23621253','MARIA TERESA ','BULLA RIVERA','3134147681','1954-05-08','2017-05-18 00:00:00','2017-05-18 00:00:00'),
	(185,'23774860','MARIA  DEL  CARMEN ','RUSSI DE  ZULETA','312 407 9781','1931-12-31','2017-05-18 00:00:00','2017-05-18 00:00:00'),
	(186,'23800574','AIDE','CARDOZO CUELLAR','3203204368','1959-06-07','2017-05-18 00:00:00','2017-05-18 00:00:00'),
	(187,'24228875','OLGA MILENA','MORALES ZEA','3112082991','1978-07-18','2017-05-18 00:00:00','2017-05-18 00:00:00'),
	(188,'24230056','OLGA',' GROSO MANCHAY','3118945176','1957-01-27','2017-05-18 00:00:00','2017-05-18 00:00:00'),
	(189,'24230190','LUZ MARINA ','LOZANO DUE?AS','3202445582','1955-06-22','2017-05-18 00:00:00','2017-05-18 00:00:00'),
	(190,'24231180','NUBIA YADIRA ','BUITRAGO CAMPOS','3107946152','1975-03-25','2017-05-18 00:00:00','2017-05-18 00:00:00'),
	(191,'24231849','JENNY  LISANDRA  ','RODRIGUEZ  LOZANO','3203642487','1974-03-31','2017-05-18 00:00:00','2017-05-18 00:00:00'),
	(192,'30003237','MARIA  RITA','PARADA PARRA','3133455425','1961-07-13','2017-05-18 00:00:00','2017-05-18 00:00:00'),
	(193,'30021851','BERENICE',' GONZALEZ PEREZ','320 8913218','1959-07-13','2017-05-18 00:00:00','2017-05-18 00:00:00'),
	(194,'30036019','CUSTODIA ','ALFONSO de HERNANDEZ','3133593833','1935-08-02','2017-05-18 00:00:00','2017-05-18 00:00:00'),
	(195,'30981709','FLOR MYRIAM','MARTINEZ RUIZ','3125567244','1962-03-23','2017-05-18 00:00:00','2017-05-18 00:00:00'),
	(196,'31007689','LUZ MARINA','PRADA ESQUIVEL','3114888107','1972-07-08','2017-05-18 00:00:00','2017-05-18 00:00:00'),
	(197,'31016161','MARIA  PAZ','JARAMILLO LOPEZ','3204260017','0000-00-00','2017-05-18 00:00:00','2017-05-18 00:00:00'),
	(198,'31016580','MAR?A CECILIA',' PE?A GONZ?LEZ','3203899931','1954-07-14','2017-05-18 00:00:00','2017-05-18 00:00:00'),
	(199,'31026131','ANA   ROSA',' LARA MARTINEZ','  321 4064539','1936-12-31','2017-05-18 00:00:00','2017-05-18 00:00:00'),
	(200,'31162489','MARIA ROCIO ','USUGA DE REYES','3212024744','1962-12-11','2017-05-18 00:00:00','2017-05-18 00:00:00'),
	(201,'35373870','ANA LUCILA','  HERNANDEZ  RAMIREZ','3118961992','1958-07-18','2017-05-18 00:00:00','2017-05-18 00:00:00'),
	(202,'38256078','LUZ MERY',' LOPEZ VANEGAS','310 5713253','1962-02-05','2017-05-18 00:00:00','2017-05-18 00:00:00'),
	(203,'39928012','LEONOR ','GUANAY JIMENEZ','3133593833','1959-04-06','2017-05-18 00:00:00','2017-05-18 00:00:00'),
	(204,'39948046',' BLANCA BRIGIDA','BERNAL DE MENDOZA','3134660555','1956-07-05','2017-05-18 00:00:00','2017-05-18 00:00:00'),
	(205,'39948278','NELLY SOE ','DUARTE PABON','3134109690','1962-10-04','2017-05-18 00:00:00','2017-05-18 00:00:00'),
	(206,'39948293','FELIX NORBERTO','MORENO TORRES','3112269003','1989-01-28','2017-05-18 00:00:00','2017-05-18 00:00:00'),
	(207,'39948344','ESPERANZA ','RAMIREZ','3112025798','1965-10-18','2017-05-18 00:00:00','2017-05-18 00:00:00'),
	(208,'39948585','MARIA  DEL CARMEN',' BULLA RIVERA','311 5199336','1942-12-23','2017-05-18 00:00:00','2017-05-18 00:00:00'),
	(209,'39948683','LUZ  MARINA ',' BERMUDEZ   MENDOZA','3204106642','1970-06-11','2017-05-18 00:00:00','2017-05-18 00:00:00'),
	(210,'39948787','YINA PAOLA ','DIAZ FIGUEREDO','3105504319','1971-04-16','2017-05-18 00:00:00','2017-05-18 00:00:00'),
	(211,'39948916','FLOR  MARIA  ','BERMUDEZ MENDOZA','311 5199336','1971-12-11','2017-05-18 00:00:00','2017-05-18 00:00:00'),
	(212,'39948942','JULIANA ','MARTINEZ VANEGAS','3143242538','1972-07-05','2017-05-18 00:00:00','2017-05-18 00:00:00'),
	(213,'39948943','SOBEIDA',' MARTINEZ MAECHA','3207397056','0000-00-00','2017-05-18 00:00:00','2017-05-18 00:00:00'),
	(214,'39948980','NIDIAN DELMIRA',' MORALES ROMERO','3213717251','0000-00-00','2017-05-18 00:00:00','2017-05-18 00:00:00'),
	(215,'39948990','LUZ NEY','HERNANDEZ JARAMILLO','3114511299','1971-04-22','2017-05-18 00:00:00','2017-05-18 00:00:00'),
	(216,'39949034','MARIA DEL CARMEN','LEGUIZAMON ROJAS','3125785593','1973-05-29','2017-05-18 00:00:00','2017-05-18 00:00:00'),
	(217,'39949277','NELLY MARIA','MORALES ROMERO','3103040091','1974-10-16','2017-05-18 00:00:00','2017-05-18 00:00:00'),
	(218,'39949426','PIEDAD ','DIAZ GUERRERO','3208495274','1973-10-01','2017-05-18 00:00:00','2017-05-18 00:00:00'),
	(219,'39949438','SIXTA TULIA',' LEONEL GUZMAN','3112842918','1971-09-07','2017-05-18 00:00:00','2017-05-18 00:00:00'),
	(220,'39949446','ANA ZOILA ','GARZON GOMEZ','3213145742','1974-05-27','2017-05-18 00:00:00','2017-05-18 00:00:00'),
	(221,'39949519','NILFA ','JIMENEZ LARA','3133750387','1975-10-01','2017-05-18 00:00:00','2017-05-18 00:00:00'),
	(222,'39949763','MERCEDES',' MARTINEZ VANEGAS','3202080912','1977-07-09','2017-05-18 00:00:00','2017-05-18 00:00:00'),
	(223,'39949779','MARIA DE JESUS','BERMUDEZ','3114974378','1977-10-04','2017-05-18 00:00:00','2017-05-18 00:00:00'),
	(224,'39949807','JUDITH ','CANO MESA','3123615639','0000-00-00','2017-05-18 00:00:00','2017-05-18 00:00:00'),
	(225,'39949824','BELCY YOLIMA ','BARRERA MORA','3143691523','1974-10-17','2017-05-18 00:00:00','2017-05-18 00:00:00'),
	(226,'39949825','BLANCA AURORA',' MAHECHA TORRES','3203342932','1976-12-11','2017-05-18 00:00:00','2017-05-18 00:00:00'),
	(227,'39950138','KEILLY ','MOYANO  GARZON','312 584 5985','1976-10-28','2017-05-18 00:00:00','2017-05-18 00:00:00'),
	(228,'39950516','HELENA','MARTINEZ VANEGAS','3118673076','1980-10-24','2017-05-18 00:00:00','2017-05-18 00:00:00'),
	(229,'39950828','MARTHA  CECILIA ','HOLGUIN GALINDO','3123663706','1979-06-10','2017-05-18 00:00:00','2017-05-18 00:00:00'),
	(230,'39950841','LUZ DARY',' GAMEZ MORENO','3115163076','0000-00-00','2017-05-18 00:00:00','2017-05-18 00:00:00'),
	(231,'39950844','ANA JAQUELINE ','DAZA CANO','3106898038','1979-09-12','2017-05-18 00:00:00','2017-05-18 00:00:00'),
	(232,'39950950','EMILIA','GAMEZ  BOHORQUEZ','3102841136','1945-05-11','2017-05-18 00:00:00','2017-05-18 00:00:00'),
	(233,'39951008','SANDRA MILENA','PE?A HERNANDEZ ','3138956830','1983-02-27','2017-05-18 00:00:00','2017-05-18 00:00:00'),
	(234,'39951216','YENNY PAOLA','  PE?A HERNANDEZ','3124448229','1984-09-27','2017-05-18 00:00:00','2017-05-18 00:00:00'),
	(235,'39951230','LUCIA ','MOYANO GARZON','3144010157','0000-00-00','2017-05-18 00:00:00','2017-05-18 00:00:00'),
	(236,'40217422','LUZ  MIREYA  ','BOHORQUEZ   ROMERO','3204037058','1981-12-10','2017-05-18 00:00:00','2017-05-18 00:00:00'),
	(237,'40218986','DIANA  MIREYA ','BRAVO ESPITIA','3204275927','0000-00-00','2017-05-18 00:00:00','2017-05-18 00:00:00'),
	(238,'40341596','ISABEL ','ROMERO CRUZ','3142099399','1985-05-02','2017-05-18 00:00:00','2017-05-18 00:00:00'),
	(239,'40343094','SANDRA TRINIDAD ','CUELLAR CONTRERAS','3203153209','1985-12-10','2017-05-18 00:00:00','2017-05-18 00:00:00'),
	(240,'40369257','CECILIA',' CANO MARQUEZ','3133177929','0000-00-00','2017-05-18 00:00:00','2017-05-18 00:00:00'),
	(241,'40380129','SONIA ','GIL ROMERO','3144312094','0000-00-00','2017-05-18 00:00:00','2017-05-18 00:00:00'),
	(242,'40383146','CAROL ','GIL ROMERO','311 8915480','0000-00-00','2017-05-18 00:00:00','2017-05-18 00:00:00'),
	(243,'40389178','CENAIDA','TORRES NIEVES','3106967357','1970-03-14','2017-05-18 00:00:00','2017-05-18 00:00:00'),
	(244,'40392185','BLANCA ROCIO',' VELASQUEZ HERRERA','3203426174','0000-00-00','2017-05-18 00:00:00','2017-05-18 00:00:00'),
	(245,'40399311','NAYIBER ','VELASQUEZ HERRERA','3209493133','1951-01-19','2017-05-18 00:00:00','2017-05-18 00:00:00'),
	(246,'40404260','BENICIA','LEON PE?A','3105553744','1974-09-06','2017-05-18 00:00:00','2017-05-18 00:00:00'),
	(247,'40417768','ANA VICTORIA ','LOZANO','3142671899','0000-00-00','2017-05-18 00:00:00','2017-05-18 00:00:00'),
	(248,'40418554','ZORAIDA ','VALENCIA HENAO','3102269374','1972-01-12','2017-05-18 00:00:00','2017-05-18 00:00:00'),
	(249,'40438737','BLANCA ISABEL ','MONTEJO MARTINEZ','314 250862','1976-06-07','2017-05-18 00:00:00','2017-05-18 00:00:00'),
	(250,'40441626','SANDRA PATRICIA','RODRIGUEZ   ','3114903604','0000-00-00','2017-05-18 00:00:00','2017-05-18 00:00:00'),
	(251,'41212982','LUZ  DARY  ',' MONCADA  FRANCO','3212205266','1965-09-07','2017-05-18 00:00:00','2017-05-18 00:00:00'),
	(252,'41301085','MARIA  GILMA','CASTELLANOS FINO','3203409357','1944-06-23','2017-05-18 00:00:00','2017-05-18 00:00:00'),
	(253,'41558318','CLEMENTINA',' SANCHEZ DE MEDINA','3115885145','0000-00-00','2017-05-18 00:00:00','2017-05-18 00:00:00'),
	(254,'52063871','MARIELA ','TORRES MARTINEZ','3202306274','1969-04-19','2017-05-18 00:00:00','2017-05-18 00:00:00'),
	(255,'52550481','LUZ MERY','MARTINEZ ZORRO','3134796395','1970-03-08','2017-05-18 00:00:00','2017-05-18 00:00:00'),
	(256,'52872827','DIANA MARIA ','CORTES RODRIGUEZ','3124412570','1981-02-26','2017-05-18 00:00:00','2017-05-18 00:00:00'),
	(257,'63546389','EDITH PATRICIA',' MEJIA FLOREZ','3143662350','0000-00-00','2017-05-18 00:00:00','2017-05-18 00:00:00'),
	(258,'65690250','DORA ESPERANZA','MORENO REYES','3144622829','1960-07-03','2017-05-18 00:00:00','2017-05-18 00:00:00'),
	(259,'69801836','GLADIS AIDE ','FONSECA TENORIO','3133029963','1981-09-05','2017-05-18 00:00:00','2017-05-18 00:00:00'),
	(260,'70582509','UBER EDILSON',' GUERRA','3214215628','0000-00-00','2017-05-18 00:00:00','2017-05-18 00:00:00'),
	(261,'71728473','CARLOS ELIAS ','ORREGO CALLE','3138862121','0000-00-00','2017-05-18 00:00:00','2017-05-18 00:00:00'),
	(262,'74325873','YUBER FERNEY','MARTINEZ MONTENEGRO','3123325531','1982-09-25','2017-05-18 00:00:00','2017-05-18 00:00:00'),
	(263,'74347963','PEDRO MIGUEL',' MORENO  MENDOZA','3133832013','1971-10-24','2017-05-18 00:00:00','2017-05-18 00:00:00'),
	(264,'74845063','JESUS  ANTONIO ','DOMINGUEZ  FORERO','3136788520','1969-09-22','2017-05-18 00:00:00','2017-05-18 00:00:00'),
	(265,'74845374','PEDRO ANTONIO','MALDONADO RICO','3125179915','1966-02-22','2017-05-18 00:00:00','2017-05-18 00:00:00'),
	(266,'74845580','ANATOLIO ','PULIDO','3133954781','0000-00-00','2017-05-18 00:00:00','2017-05-18 00:00:00'),
	(267,'74847222','LUIS ARBEIZ ','OROS PONGUTA','3125589813','1968-10-22','2017-05-18 00:00:00','2017-05-18 00:00:00'),
	(268,'74856755','LUIS ARTURO ','BOHORQUEZ ROMERO','3212944315','1980-09-06','2017-05-18 00:00:00','2017-05-18 00:00:00'),
	(269,'74856786','JOSE YESID',' RUIZ RESTREPO','3132645612','0000-00-00','2017-05-18 00:00:00','2017-05-18 00:00:00'),
	(270,'74856843','CARLOS JULIO ','ZEAS MARTINEZ','32122287108','0000-00-00','2017-05-18 00:00:00','2017-05-18 00:00:00'),
	(271,'74856914','PEDRO ANTONIO',' RUIZ RESTREPO','3118294516','0000-00-00','2017-05-18 00:00:00','2017-05-18 00:00:00'),
	(272,'74857046','JESUS ALBERTO ','DAZA CANO','3105831902','1900-01-30','2017-05-18 00:00:00','2017-05-18 00:00:00'),
	(273,'74857057','PEDRO MIGUEL','FARFAN DUARTE','3132947287','1983-11-10','2017-05-18 00:00:00','2017-05-18 00:00:00'),
	(274,'77031081','CARLOS MANUEL',' AGUILERA HERNANDEZ','3223126748','0000-00-00','2017-05-18 00:00:00','2017-05-18 00:00:00'),
	(275,'79112367','RAMIRO','BALAMBA FORERO','3508117303','1955-07-21','2017-05-18 00:00:00','2017-05-18 00:00:00'),
	(276,'79152077','EDGAR ENRIQUE','ROJAS JAIME','3123869161','1961-03-09','2017-05-18 00:00:00','2017-05-18 00:00:00'),
	(277,'79271482','JOS? KENEDY ','PADILLA BUITRAGO','3133046428','1962-10-27','2017-05-18 00:00:00','2017-05-18 00:00:00'),
	(278,'79357761','HECTOR  ARMANDO',' ROA CELY','3118204072','1964-11-20','2017-05-18 00:00:00','2017-05-18 00:00:00'),
	(279,'79399007','CARLOS ALFONSO ','HUERTAS CAMPOS','3103082636','0000-00-00','2017-05-18 00:00:00','2017-05-18 00:00:00'),
	(280,'79400355','PEDRO NEL','CALDER?N FONSECA','3124543875','1966-11-14','2017-05-18 00:00:00','2017-05-18 00:00:00'),
	(281,'79535265','SERGIO ANTONIO','GALINDO DONCEL ','3112020610','1971-05-17','2017-05-18 00:00:00','2017-05-18 00:00:00'),
	(282,'79537701','CESAR WILIAN','GUTIERREZ BERNAL','3158789613','1970-09-24','2017-05-18 00:00:00','2017-05-18 00:00:00'),
	(283,'79609391','ORLANDO','RONCANCIO RONCANCIO','3212327119','1973-06-26','2017-05-18 00:00:00','2017-05-18 00:00:00'),
	(284,'79843886','FRANCISCO JAVIER','MENDEZ ROMERO','3102472452','1977-01-09','2017-05-18 00:00:00','2017-05-18 00:00:00'),
	(285,'79942859','JOSE JAIME',' ORREGO CALLE','3138862121','0000-00-00','2017-05-18 00:00:00','2017-05-18 00:00:00'),
	(286,'80354853','VICTOR JULIO ','RAMIREZ AGUILAR','3214081227','1967-12-13','2017-05-18 00:00:00','2017-05-18 00:00:00'),
	(287,'80373930','AGUSTIN ','ROJAS PRADA','3124369994','1972-04-17','2017-05-18 00:00:00','2017-05-18 00:00:00'),
	(288,'86038864','ALBENIO','ZULETA RUSSI','3114735501','0000-00-00','2017-05-18 00:00:00','2017-05-18 00:00:00'),
	(289,'86043943','ELIECER',' MARTINEZ VANEGAS','3212871798','1971-04-07','2017-05-18 00:00:00','2017-05-18 00:00:00'),
	(290,'86055693','GREGORIO',' MARTINEZ  VANEGAS','3102544488','1974-04-02','2017-05-18 00:00:00','2017-05-18 00:00:00'),
	(291,'86063215','BENICIO','GARCIA CAICEDO','3133230058','1979-10-18','2017-05-18 00:00:00','2017-05-18 00:00:00'),
	(292,'86066458','URIEL','AREVALO','3115429818','1980-07-03','2017-05-18 00:00:00','2017-05-18 00:00:00'),
	(293,'86070358','CARLOS ANDRES','VIGOYA','3112159588','1981-12-25','2017-05-18 00:00:00','2017-05-18 00:00:00'),
	(294,'86083556','EBER ','JARAMILO','3204260017','1984-10-08','2017-05-18 00:00:00','2017-05-18 00:00:00'),
	(295,'87490436','ADORCINDA','MENDOZA CASTILLO','3208014238','1967-09-07','2017-05-18 00:00:00','2017-05-18 00:00:00'),
	(296,'93358274','LEONEL','GARCIA  ROJAS','3113965536','0000-00-00','2017-05-18 00:00:00','2017-05-18 00:00:00'),
	(297,'97601456','CELESTINO ','AGUIRRE GUZMAN','320 227 7130','1964-03-26','2017-05-18 00:00:00','2017-05-18 00:00:00'),
	(298,'97613989','JOSE NOEL',' BERNAL TORRES','3134264164','1983-11-09','2017-05-18 00:00:00','2017-05-18 00:00:00'),
	(299,'98546186','LUIS GUILLERMO ','ORREGO CALLE','3138862121','0000-00-00','2017-05-18 00:00:00','2017-05-18 00:00:00'),
	(300,'1002262524','MARIA DEL PILAR','GUZMAN TORRES','3103304097','1987-01-10','2017-05-18 00:00:00','2017-05-18 00:00:00'),
	(301,'1006415096','MARIA ALEJANDRA ','LASPRILLA MALAVER','320 8731159','0000-00-00','2017-05-18 00:00:00','2017-05-18 00:00:00'),
	(302,'1006534962','RUBY  YENIYH','GUTIERREZ MONCADA','328916020','1993-03-04','2017-05-18 00:00:00','2017-05-18 00:00:00'),
	(303,'1013578288','YEISON  EDUARDO','CASTA?EDA MENDOZA','3118574193','1986-03-06','2017-05-18 00:00:00','2017-05-18 00:00:00'),
	(304,'1015395893','NANCY YANETH',' BERNAL MARTINEZ','3105761612','1986-06-29','2017-05-18 00:00:00','2017-05-18 00:00:00'),
	(305,'1024491586','JENNY CAROLINA',' SERRATO MILLAN','3105831902','0000-00-00','2017-05-18 00:00:00','2017-05-18 00:00:00'),
	(306,'1051336139','YUDY PATRICIA ','ALFONSO VELASQUEZ','3125505202','1987-07-13','2017-05-18 00:00:00','2017-05-18 00:00:00'),
	(307,'1115910274','JEIMY JOJHANA',' ROJAS MALAVER','320 3052014','0000-00-00','2017-05-18 00:00:00','2017-05-18 00:00:00'),
	(308,'1115910442','LISETH FERNANDA ','MORALES ZEA','3204284579','1986-11-18','2017-05-18 00:00:00','2017-05-18 00:00:00'),
	(309,'1115910471','HUGO FERNANDO ','MORALES ZEA','3103040825','1986-11-18','2017-05-18 00:00:00','2017-05-18 00:00:00'),
	(310,'1115911116','SERGIO ','ORTIZ MARTINEZ','3212841179','1988-01-04','2017-05-18 00:00:00','2017-05-18 00:00:00'),
	(311,'1115911307','ALVARO JUNIOR','REYES USUGA','3134589072','1988-06-13','2017-05-18 00:00:00','2017-05-18 00:00:00'),
	(312,'1115912444','MONICA GRACIELA',' CHAVEZ RUIZ','3118560368','1989-12-02','2017-05-18 00:00:00','2017-05-18 00:00:00'),
	(313,'1115912481','LEIDY YINED ','MONCADA','3144483161','1989-05-05','2017-05-18 00:00:00','2017-05-18 00:00:00'),
	(314,'1115912930','LEIDY MARCELA',' JIMENEZ DIAZ','3106079171','0000-00-00','2017-05-18 00:00:00','2017-05-18 00:00:00'),
	(315,'1115913262','RAUL SANTIAGO ','PARRA LASPRILLA','3103459941','0000-00-00','2017-05-18 00:00:00','2017-05-18 00:00:00'),
	(316,'1115914292','EDWARD FABIAN',' RAMOS LEON','3204572077','0000-00-00','2017-05-18 00:00:00','2017-05-18 00:00:00'),
	(317,'1115914620','ANA YORELI ','MALAVER ORDUZ','3125959480','1993-07-24','2017-05-18 00:00:00','2017-05-18 00:00:00'),
	(318,'1115914855','HUGO ORLANDO ','CASALLAS IBA?EZ','3208859416','0000-00-00','2017-05-18 00:00:00','2017-05-18 00:00:00'),
	(319,'1115914926','ANDRES FABIAN','SUAREZ VALENCIA','3115466322','1993-12-26','2017-05-18 00:00:00','2017-05-18 00:00:00'),
	(320,'1118120043','CARLOS ANDRES','RODRIGUEZ LOZANO','3214951831','1985-02-27','2017-05-18 00:00:00','2017-05-18 00:00:00'),
	(321,'1118122699','WILLIAM ALEXANDER','JIMENEZ VELASQUEZ','3102382398','1988-04-03','2017-05-18 00:00:00','2017-05-18 00:00:00'),
	(322,'1118123712','ANDERSSON',' FERREIRA BARRETO','3213217826','0000-00-00','2017-05-18 00:00:00','2017-05-18 00:00:00'),
	(323,'1118166689','LEIN AUGUSTO',' CHAVEZ RUIZ','3202353759','1986-08-11','2017-05-18 00:00:00','2017-05-18 00:00:00'),
	(324,'1118167482','YENNY TATIANA ','SUAREZ ALFONSO','3203863881','1986-12-27','2017-05-18 00:00:00','2017-05-18 00:00:00'),
	(325,'1118167848','OMAR ORLANDO','OLAYA MARTINEZ','3202673994','1988-05-24','2017-05-18 00:00:00','2017-05-18 00:00:00'),
	(326,'1118167917','BLANCA BERLIDE','DAZA CANO','3147181233','1988-03-06','2017-05-18 00:00:00','2017-05-18 00:00:00'),
	(327,'1118168396','EDITH ROCIO','MORALES ZEA','3143622189','1988-03-28','2017-05-18 00:00:00','2017-05-18 00:00:00'),
	(328,'1118196164','DANIEL ','OLAYA  MARTINEZ','3213077060','1990-05-30','2017-05-18 00:00:00','2017-05-18 00:00:00'),
	(329,'1118196382','JEISSON DUBAN','PARRADO MORENO','3196436186','1990-07-02','2017-05-18 00:00:00','2017-05-18 00:00:00'),
	(330,'1118196520','FREDY','ALBEIRO  BOHORQUEZ','3142043433','1990-09-14','2017-05-18 00:00:00','2017-05-18 00:00:00'),
	(331,'1118196614','MARIA ERNESTINA',' PE?A HERNANDEZ','3202413352','1990-11-29','2017-05-18 00:00:00','2017-05-18 00:00:00'),
	(332,'1118196732','NATALIA',' VARGAS','310 559 9193','1990-11-14','2017-05-18 00:00:00','2017-05-18 00:00:00'),
	(333,'1118197671','YORKS FREDY','RAMIREZ PINTO','3115816806','1992-06-29','2017-05-18 00:00:00','2017-05-18 00:00:00'),
	(334,'1118197805','MARIA ODILIA','BERNAL AVILA','3142873138','1992-02-08','2017-05-18 00:00:00','2017-05-18 00:00:00'),
	(335,'1118198744','MARIA YOLIMA','ORTIZ MARTINEZ','3114892590','1992-05-26','2017-05-18 00:00:00','2017-05-18 00:00:00'),
	(336,'1118200648','GUILLERMO','PRADA TIQUE','3204696545','0000-00-00','2017-05-18 00:00:00','2017-05-18 00:00:00'),
	(337,'1118200691','YEISSON CAMILO',' LINARES GUTIERREZ','3213864481','0000-00-00','2017-05-18 00:00:00','2017-05-18 00:00:00'),
	(338,'1118200802','ERIKA',' GAMBOA GUTIERREZ','3102822536','0000-00-00','2017-05-18 00:00:00','2017-05-18 00:00:00'),
	(339,'1118530063','MARIA ISABEL',' LASPRILLA GROZO','313 202 9588','0000-00-00','2017-05-18 00:00:00','2017-05-18 00:00:00'),
	(340,'1120472536','JHON ESHNEIDER ','PERDOMO RODRIGUEZ','3142279159','1988-04-26','2017-05-18 00:00:00','2017-05-18 00:00:00'),
	(341,'1120564782','ROOSVELT',' DURAN  ESCOBAR','3134883048','1983-03-07','2017-05-18 00:00:00','2017-05-18 00:00:00'),
	(342,'1121418511','FAZULY',' SANCHEZ OSORIO','3105183412','1991-11-24','2017-05-18 00:00:00','2017-05-18 00:00:00'),
	(343,'1121861823','YEISON ESMITH ','JIMENEZ VELASQUEZ','3102521304','1990-05-16','2017-05-18 00:00:00','2017-05-18 00:00:00'),
	(344,'1122626788','JONATHAN FARLEY',' RAMOS LEON','3144800889','1991-12-02','2017-05-18 00:00:00','2017-05-18 00:00:00'),
	(345,'1122626841','EUGENIA HERMINDA',' CASTILLO MORENO','3209419265','0000-00-00','2017-05-18 00:00:00','2017-05-18 00:00:00'),
	(346,'11121870829','VALERIA ','PADILLA GIL','3132123976','0000-00-00','2017-05-18 00:00:00','2017-05-18 00:00:00'),
	(347,'5434143','JOSE ROSARIO',' SIERRA ANTOLINES','3132339161','0000-00-00','2017-05-18 00:00:00','2017-05-18 00:00:00'),
	(348,'7060195','JOSE MENELEO',' SOLER ROLDAN','3115873542','0000-00-00','2017-05-18 00:00:00','2017-05-18 00:00:00'),
	(349,'4125478','PEDRO ANTONIO',' LEGUIZAMON LEGUIZAMON','310 7811352','0000-00-00','2017-05-18 00:00:00','2017-05-18 00:00:00'),
	(350,'7060712','REINALDO ','VILLARREAL ESPEJO','310 7811352','0000-00-00','2017-05-18 00:00:00','2017-05-18 00:00:00'),
	(351,'7231006','JOSE MIGUEL ',' SOLER  CARO','3144059845','0000-00-00','2017-05-18 00:00:00','2017-05-18 00:00:00'),
	(352,'10256866','JAVIER  ANTONIO',' MONTOYA OROZCO','311 2653187','0000-00-00','2017-05-18 00:00:00','2017-05-18 00:00:00'),
	(353,'17335216','JOSE ELIAS','OSSA GALLEGO','3138905313','0000-00-00','2017-05-18 00:00:00','2017-05-18 00:00:00'),
	(354,'74346995','CESAR  RODRIGO ','MU?OZ GAMBA','314 2746971','0000-00-00','2017-05-18 00:00:00','2017-05-18 00:00:00'),
	(355,'21190178','DIOSELINA','  ACOSTA HERNANDEZ','320 229 5308','0000-00-00','2017-05-18 00:00:00','2017-05-18 00:00:00'),
	(356,'23800466','MARIA LUCILA ','SARMIENTO BLANCO','3105895032','0000-00-00','2017-05-18 00:00:00','2017-05-18 00:00:00'),
	(357,'86055336','MILTON ','PALOMINO HUMOA','314 7635377','0000-00-00','2017-05-18 00:00:00','2017-05-18 00:00:00'),
	(358,'86074235','DUMAR  FAVIAN',' JIMENEZ AMAYA','321 3179208','0000-00-00','2017-05-18 00:00:00','2017-05-18 00:00:00'),
	(359,'39950013','LUZ ANGELA ','RIVERA BULLA','3142189538','0000-00-00','2017-05-18 00:00:00','2017-05-18 00:00:00'),
	(360,'33645465','DINA LUZ ','ESPEJO RIVERA','311 4582030','0000-00-00','2017-05-18 00:00:00','2017-05-18 00:00:00'),
	(361,'39950012','MARIA EULALIA',' BULLA RIVERA','3145015069','0000-00-00','2017-05-18 00:00:00','2017-05-18 00:00:00'),
	(362,'7230292','OBDULIO ','RINTA  ROLDAN','3123502936','0000-00-00','2017-05-18 00:00:00','2017-05-18 00:00:00'),
	(363,'1118166644','BUANERGES ANTONIO','  RINTA CARO','3123502936','0000-00-00','2017-05-18 00:00:00','2017-05-18 00:00:00'),
	(364,'51721890','ROSALBA ','ARANDA','321 2633418','0000-00-00','2017-05-18 00:00:00','2017-05-18 00:00:00'),
	(365,'4076645','MOISES',' CASTILLO','3144129902','0000-00-00','2017-05-18 00:00:00','2017-05-18 00:00:00'),
	(366,'17348537','CARLOS JAVIER',' SEGUA RUIZ','314 8283988','0000-00-00','2017-05-18 00:00:00','2017-05-18 00:00:00'),
	(367,'17582174','ELIECER ','ORTIZ GONZALEZ','3202722169','0000-00-00','2017-05-18 00:00:00','2017-05-18 00:00:00'),
	(368,'7061756','ALFONSO ','GAONA MARTINEZ','3142055062','0000-00-00','2017-05-18 00:00:00','2017-05-18 00:00:00'),
	(369,'17338660','BERNAB','E ROA MARTINEZ ','3133952423','0000-00-00','2017-05-18 00:00:00','2017-05-18 00:00:00'),
	(370,'21182822','MARTHA  RUTH',' ROJAS BURGOS','311 564 8256','0000-00-00','2017-05-18 00:00:00','2017-05-18 00:00:00'),
	(371,'52085910','YALILA ','ATEORTUA HERNANDEZ','313 204 2260','0000-00-00','2017-05-18 00:00:00','2017-05-18 00:00:00'),
	(372,'39950150','CARMEN ROSA',' BUSTOS','321 4639723','0000-00-00','2017-05-18 00:00:00','2017-05-18 00:00:00'),
	(373,'24190866','MARIA ROSALBINA ','MARTINEZ SEGURA','311 511 8436','0000-00-00','2017-05-18 00:00:00','2017-05-18 00:00:00'),
	(374,'7063196','MARCO FIDEL ','GAMEZ BULLA','311 2691053','0000-00-00','2017-05-18 00:00:00','2017-05-18 00:00:00'),
	(375,'23406248','ETELVINA ',' BURGOS  DUQUE','313 237 3897','0000-00-00','2017-05-18 00:00:00','2017-05-18 00:00:00'),
	(376,'1118167038','DIANA VIVIANA ','ALVAREZ','312 5574916','0000-00-00','2017-05-18 00:00:00','2017-05-18 00:00:00'),
	(377,'40440504','BLANCA  YANET',' RUIZ GAMEZ','312 350 9335','0000-00-00','2017-05-18 00:00:00','2017-05-18 00:00:00'),
	(378,'40398267','LIBIA',' BARAONA RIVEROS','310 5561250','0000-00-00','2017-05-18 00:00:00','2017-05-18 00:00:00'),
	(379,'498293','PASTOR  ','SOLER  MARTINEZ','313 2871705','0000-00-00','2017-05-18 00:00:00','2017-05-18 00:00:00'),
	(380,'21087951','MARIA EMILCE ','GUERRERO RINCON','3114885584','0000-00-00','2017-05-18 00:00:00','2017-05-18 00:00:00'),
	(381,'39951200','CALUDIA YINEY','  CASTA?EDA PEREZ','313 2894942','0000-00-00','2017-05-18 00:00:00','2017-05-18 00:00:00'),
	(382,'39948978','ROSALBINA',' SOLER ROLDAN','','0000-00-00','2017-05-18 00:00:00','2017-05-18 00:00:00'),
	(383,'7331300','HERNANDO JOSE',' CAMPOS DIAZ','3138427708','0000-00-00','2017-05-18 00:00:00','2017-05-18 00:00:00'),
	(384,'23606148','MARIA DOLORES ','FRANCO','3124446823','0000-00-00','2017-05-18 00:00:00','2017-05-18 00:00:00'),
	(385,'39950644','ANA RUBIELA',' MANCHAY GUABAVE','3145885891','0000-00-00','2017-05-18 00:00:00','2017-05-18 00:00:00'),
	(386,'17335836','ISRAEL ','SOLER ROJAS','3204424050','0000-00-00','2017-05-18 00:00:00','2017-05-18 00:00:00'),
	(387,'39951035','MIREYA',' MANCHAY','313104659','0000-00-00','2017-05-18 00:00:00','2017-05-18 00:00:00'),
	(388,'7060068','DAGOBERTO',' MANCHAY','3145885891','0000-00-00','2017-05-18 00:00:00','2017-05-18 00:00:00'),
	(389,'17385794','AUDON ','CEGUA GARCIA','3118320221','0000-00-00','2017-05-18 00:00:00','2017-05-18 00:00:00'),
	(390,'3293884','MELECIO DEL CARMEN',' ROA CACERES','3108188570','0000-00-00','2017-05-18 00:00:00','2017-05-18 00:00:00'),
	(391,'7061129','JOSE GIRALDO ','OVALLE SALAMANCA','3124031205','0000-00-00','2017-05-18 00:00:00','2017-05-18 00:00:00'),
	(392,'1122677120','LUIS HERNANDO',' PERILLA PINTO','3143175154','0000-00-00','2017-05-18 00:00:00','2017-05-18 00:00:00'),
	(393,'7060842','EURIPIDES',' ROMERO MESA','3203686154','0000-00-00','2017-05-18 00:00:00','2017-05-18 00:00:00'),
	(394,'7110012','LUIS ALEJANDRO',' DAZA RIVAS','3214243141','0000-00-00','2017-05-18 00:00:00','2017-05-18 00:00:00'),
	(395,'17303311','CARLOS JULIO',' DAZA MANCHAY','3107350188','0000-00-00','2017-05-18 00:00:00','2017-05-18 00:00:00'),
	(396,'7061997','PABLO ANTONIO',' GAONA SALINAS','3202035761','0000-00-00','2017-05-18 00:00:00','2017-05-18 00:00:00'),
	(397,'7231820','JOSE FEBER',' NI?O MENDOZA','3208570523','0000-00-00','2017-05-18 00:00:00','2017-05-18 00:00:00'),
	(398,'1122627433','MAICOL ESMITH ','FERNANDEZ NI?O','3107700045','0000-00-00','2017-05-18 00:00:00','2017-05-18 00:00:00'),
	(399,'31016145','HOSTILIA ','MENDOZA AJIACO','3107700045','0000-00-00','2017-05-18 00:00:00','2017-05-18 00:00:00'),
	(400,'10129680','ALIRIO DE JESUS ','BEDOYA HENAO','3112274248','0000-00-00','2017-05-18 00:00:00','2017-05-18 00:00:00'),
	(401,'478354','JORGE ','ENRIQUE RUIZ','3132334726','0000-00-00','2017-05-18 00:00:00','2017-05-18 00:00:00'),
	(402,'7063234','LEONIDAS ','VARGAS PINILLA','3213217826','0000-00-00','2017-05-18 00:00:00','2017-05-18 00:00:00'),
	(403,'74352236','DARCY HERMOGENES',' HARNANDEZ TORRES','3142382504','0000-00-00','2017-05-18 00:00:00','2017-05-18 00:00:00'),
	(404,'24229477','INES ','GARCIA De SEGUA','3202422067','0000-00-00','2017-05-18 00:00:00','2017-05-18 00:00:00'),
	(405,'79006201','JOSE ANTONIO ','HERRERA TRIANA','3107890346','0000-00-00','2017-05-18 00:00:00','2017-05-18 00:00:00'),
	(406,'1118200285','JUAN DAVID ','SANDOVAL RUIZ','3108807110','0000-00-00','2017-05-18 00:00:00','2017-05-18 00:00:00'),
	(407,'86044310','JOSE EVER',' OCHOA DIAZ','3115055229','0000-00-00','2017-05-18 00:00:00','2017-05-18 00:00:00'),
	(408,'3294110','JULIO PASCUAL',' AVILA','3102683621','0000-00-00','2017-05-18 00:00:00','2017-05-18 00:00:00'),
	(409,'74352448','MILTON NOLBERTO',' MALVA BERMUDEZ','3118865074','0000-00-00','2017-05-18 00:00:00','2017-05-18 00:00:00'),
	(410,'39949464','ROSARIO ','SOLER CARO','3203356184','0000-00-00','2017-05-18 00:00:00','2017-05-18 00:00:00'),
	(411,'39950355','MARIA DEL CARMEN',' NI?O MENDOZA','3143514661','0000-00-00','2017-05-18 00:00:00','2017-05-18 00:00:00'),
	(412,'93050006','BERTULFO ','TRUJILLO','3132833111','0000-00-00','2017-05-18 00:00:00','2017-05-18 00:00:00'),
	(413,'39949887','HERMINDA ','DAZA BUITRAGO','3203370958','0000-00-00','2017-05-18 00:00:00','2017-05-18 00:00:00'),
	(414,'7061695','EDUARDO ','REYES GARCIA','3145133143','0000-00-00','2017-05-18 00:00:00','2017-05-18 00:00:00'),
	(415,'52310068','MARIA CLEMENCIA ','HUERTAS ESPINOSA','3118319381','0000-00-00','2017-05-18 00:00:00','2017-05-18 00:00:00'),
	(416,'1114876262','LUZ MIREYA ','RUIZ PINILLA','3144484187','0000-00-00','2017-05-18 00:00:00','2017-05-18 00:00:00'),
	(417,'23418083','EIDY MILENA ','MARTINEZ MEZA','3213773263','0000-00-00','2017-05-18 00:00:00','2017-05-18 00:00:00'),
	(418,'1118167526','JORGE LUIS',' BULLA ','3124491075','0000-00-00','2017-05-18 00:00:00','2017-05-18 00:00:00'),
	(419,'86008627','JHON FREDY',' VELEZ HENAO','3123892253','0000-00-00','2017-05-18 00:00:00','2017-05-18 00:00:00'),
	(420,'93119219','JOSE DONEY',' SANDOVAL GUZMAN','3108802561','0000-00-00','2017-05-18 00:00:00','2017-05-18 00:00:00'),
	(421,'39948061','ERMELINDA',' MORALES TORRES','3142607126','0000-00-00','2017-05-18 00:00:00','2017-05-18 00:00:00'),
	(422,'41212817','MARIA TELMA',' PINTO URBINA','3203356964','0000-00-00','2017-05-18 00:00:00','2017-05-18 00:00:00'),
	(423,'1118166608','ALONSO GAHONA',' MARTINEZ','3214558144','0000-00-00','2017-05-18 00:00:00','2017-05-18 00:00:00'),
	(424,'21243449','MARIA ANAYIBE ','CIFUENTES RAMIREZ','3145602156','0000-00-00','2017-05-18 00:00:00','2017-05-18 00:00:00'),
	(425,'40394381','LUZ MARINA ','BULLA','3134923041','0000-00-00','2017-05-18 00:00:00','2017-05-18 00:00:00'),
	(426,'7061917','JAIRO ','VARGAS LARA','3203430875','0000-00-00','2017-05-18 00:00:00','2017-05-18 00:00:00'),
	(427,'40189023','LIDIS AMANDA ','OCAMPO JIMENEZ','3143197031','0000-00-00','2017-05-18 00:00:00','2017-05-18 00:00:00'),
	(428,'52585842','JUANA MILENY',' PATI?O ABRIL','3107987715','0000-00-00','2017-05-18 00:00:00','2017-05-18 00:00:00'),
	(429,'24231080','MERCEDES',' NI?O MENDOZA','3204141472','0000-00-00','2017-05-18 00:00:00','2017-05-18 00:00:00'),
	(430,'4077426','EMILIANO',' DAZA TOLOZA','3132133846','0000-00-00','2017-05-18 00:00:00','2017-05-18 00:00:00'),
	(431,'30946035','NUBIA YANETH ','CONTRERAS GOMEZ','3214469802','0000-00-00','2017-05-18 00:00:00','2017-05-18 00:00:00'),
	(432,'474325','LUCAS RODRIGUEZ','','3215214499','0000-00-00','2017-05-18 00:00:00','2017-05-18 00:00:00'),
	(433,'2746575','SANTIAGO','CASTA?EDA MARTINEZ','3202389668','0000-00-00','2017-05-18 00:00:00','2017-05-18 00:00:00'),
	(434,'40411386','ANAZUCENA ','BERNAL ARIAS','3143037905','0000-00-00','2017-05-18 00:00:00','2017-05-18 00:00:00'),
	(435,'39950247','CARMENZA ','GAHONA MARTINEZ','3107533612','0000-00-00','2017-05-18 00:00:00','2017-05-18 00:00:00'),
	(436,'7062868','RIGOBERTO',' GAHONA MARTINEZ','3133541490','0000-00-00','2017-05-18 00:00:00','2017-05-18 00:00:00'),
	(437,'17387450','HERMOGENES ','RODRIGUEZ CAMPOS','3133541490','0000-00-00','2017-05-18 00:00:00','2017-05-18 00:00:00'),
	(438,'19002899','ALFAVER ','SOSA BECERRA','3208849910','0000-00-00','2017-05-18 00:00:00','2017-05-18 00:00:00'),
	(439,'17389370','GERARDO ANTONIO ','DORADO BENAVIDES','3214662900','0000-00-00','2017-05-18 00:00:00','2017-05-18 00:00:00'),
	(440,'23417534','ELSA',' CARO LEGUIZAMO','3143701444','0000-00-00','2017-05-18 00:00:00','2017-05-18 00:00:00'),
	(441,'1105614294','NESTOR CAMILO',' FERNANDEZ TORRES','3133871397','0000-00-00','2017-05-18 00:00:00','2017-05-18 00:00:00'),
	(442,'39949273','MARIA GLORIA',' HERNANDEZ ALFONSO','3138737579','0000-00-00','2017-05-18 00:00:00','2017-05-18 00:00:00'),
	(443,'7822242','ALFONSO ','GAHONA SALINAS ','3123800345','0000-00-00','2017-05-18 00:00:00','2017-05-18 00:00:00'),
	(444,'79057368','JOSE ORLANDO',' CASTILLO RUBIANO','3124959434','0000-00-00','2017-05-18 00:00:00','2017-05-18 00:00:00'),
	(445,'4076868','MIGUEL ANTONIO ','CASTILLO','3202730693','0000-00-00','2017-05-18 00:00:00','2017-05-18 00:00:00'),
	(446,'1122626762','YENY CAROLINA ','GUAVARE GAMEZ','3114742695','0000-00-00','2017-05-18 00:00:00','2017-05-18 00:00:00'),
	(447,'40012765','ANA HILDA',' TORRES De TORRES','3108775368','0000-00-00','2017-05-18 00:00:00','2017-05-18 00:00:00'),
	(448,'900529558-3','JUNTA  DE  ACCION COMUNAL DE LA VEREDA CARIBAYONA ','','','0000-00-00','2017-05-18 00:00:00','2017-05-18 00:00:00'),
	(449,'80369470','HENRY ','GONZALEZ FERNANDEZ','321 2270580','0000-00-00','2017-05-18 00:00:00','2017-05-18 00:00:00'),
	(450,'17179936','CARLOS JULIO',' HERNANDEZ CASTA?EDA','310 5723629','0000-00-00','2017-05-18 00:00:00','2017-05-18 00:00:00'),
	(451,'23474354','FLOR  ALBA ','  SEGURA PERILLA','311 2688689','0000-00-00','2017-05-18 00:00:00','2017-05-18 00:00:00'),
	(452,'1118168012','HEIDY BIBIANA','  BECERRA  CANO','310852331','0000-00-00','2017-05-18 00:00:00','2017-05-18 00:00:00'),
	(453,'7822308','EDUARD ALFONSO',' ROJAS BURGOS','3134629833','0000-00-00','2017-05-18 00:00:00','2017-05-18 00:00:00'),
	(454,'39950895','NINI JOHANA ','REY MORALES','3204955286','0000-00-00','2017-05-18 00:00:00','2017-05-18 00:00:00'),
	(455,'23417143','NATIVIDAD ','SOLER GALLEGO','3138445485','0000-00-00','2017-05-18 00:00:00','2017-05-18 00:00:00'),
	(456,'6749878','RAFAEL ANTONIO',' ROA RUIZ','3133440483','0000-00-00','2017-05-18 00:00:00','2017-05-18 00:00:00'),
	(457,'74752571','SANTOS  GREGORIO ','SANCHEZ CENDALES','','0000-00-00','2017-05-18 00:00:00','2017-05-18 00:00:00'),
	(458,'80733833','GERMAN ','ENRIQUE DIAZ','','0000-00-00','2017-05-18 00:00:00','2017-05-18 00:00:00'),
	(459,'844000948-9','JUNTA DE ACCION CUMUNAL VEREDA COROCITO','','','0000-00-00','2017-05-18 00:00:00','2017-05-18 00:00:00'),
	(460,'900524955-2','JUNTA DE ACCION COMUNAL COMUNAL VEREDA BUENOS AIRE','','','0000-00-00','2017-05-18 00:00:00','2017-05-18 00:00:00'),
	(461,'7232346','LEODAN','RODRIGUEZ LOZANO','3214951831','0000-00-00','0000-00-00 00:00:00','0000-00-00 00:00:00'),
	(462,'7061981','JOSE GERONIMO','CAMACHO ROA','3213221800','0000-00-00','0000-00-00 00:00:00','0000-00-00 00:00:00'),
	(463,'1118198042','CATALINA','LOPEZ LOZANO','3224240661','0000-00-00','0000-00-00 00:00:00','0000-00-00 00:00:00'),
	(464,'1122626614','WILLIAN','LLANOS MONCADA','3224503789','0000-00-00','0000-00-00 00:00:00','0000-00-00 00:00:00'),
	(465,'7061012','JOSE DEMETRIO','VACCA GUARGUATI','3132454592','0000-00-00','0000-00-00 00:00:00','0000-00-00 00:00:00'),
	(466,'1118201568','ANTONIO','MARTINEZ GARZON','3223699786','0000-00-00','0000-00-00 00:00:00','0000-00-00 00:00:00'),
	(467,'23801218','CIELO','TOVAR OLAYA','3218995926','0000-00-00','0000-00-00 00:00:00','0000-00-00 00:00:00'),
	(468,'1115914027','WILLIAM','BERMUDEZ AVILA','3209762313','0000-00-00','0000-00-00 00:00:00','0000-00-00 00:00:00'),
	(469,'4477677','LUIS HUMBERTO','SANCHEZ GONZALEZ','3127392974','0000-00-00','0000-00-00 00:00:00','0000-00-00 00:00:00'),
	(470,'7334593','EDMER ENRIQUE','MARTINEZ HUERTAS','3106669647','0000-00-00','0000-00-00 00:00:00','0000-00-00 00:00:00'),
	(471,'33676775','NORA CLAUDIA','VELANDIA NOVOA','3138567595','0000-00-00','0000-00-00 00:00:00','0000-00-00 00:00:00'),
	(472,'1121900184','JOSE NOEL','RIORRECIO  MONCADA','3214607682','0000-00-00','0000-00-00 00:00:00','0000-00-00 00:00:00'),
	(473,'1115910540','JAIME JULIAN','ORTIZ MARTINEZ','3218995926','0000-00-00','0000-00-00 00:00:00','0000-00-00 00:00:00'),
	(474,'18263656','Oscar Javier','Olivos',NULL,'1990-03-02','2017-06-15 22:08:21','2017-06-15 22:08:21');

/*!40000 ALTER TABLE `beneficiarios` ENABLE KEYS */;
UNLOCK TABLES;


# Volcado de tabla bovinos
# ------------------------------------------------------------

DROP TABLE IF EXISTS `bovinos`;

CREATE TABLE `bovinos` (
  `id` int(11) NOT NULL AUTO_INCREMENT,
  `id_info_productivo` int(11) NOT NULL,
  `id_raza` int(11) NOT NULL,
  `id_tipo_propiedad` int(11) NOT NULL,
  `id_tipo_bovino` int(11) NOT NULL,
  `created_at` timestamp NULL DEFAULT NULL,
  `updated_at` timestamp NULL DEFAULT NULL,
  `cantidad` int(11) DEFAULT NULL,
  PRIMARY KEY (`id`),
  KEY `Refrazas115` (`id_raza`),
  KEY `Refinformacion_productivos116` (`id_info_productivo`),
  KEY `Reftipo_propiedades268` (`id_tipo_propiedad`),
  KEY `Reftipo_bovinos271` (`id_tipo_bovino`)
) ENGINE=InnoDB DEFAULT CHARSET=utf8;

LOCK TABLES `bovinos` WRITE;
/*!40000 ALTER TABLE `bovinos` DISABLE KEYS */;

INSERT INTO `bovinos` (`id`, `id_info_productivo`, `id_raza`, `id_tipo_propiedad`, `id_tipo_bovino`, `created_at`, `updated_at`, `cantidad`)
VALUES
	(3,1,2,1,3,'2017-07-21 21:12:42','2017-07-21 21:12:42',600),
	(4,1,1,1,6,'2017-07-21 21:13:42','2017-07-21 21:13:42',20);

/*!40000 ALTER TABLE `bovinos` ENABLE KEYS */;
UNLOCK TABLES;


# Volcado de tabla campos
# ------------------------------------------------------------

DROP TABLE IF EXISTS `campos`;

CREATE TABLE `campos` (
  `id` int(11) NOT NULL AUTO_INCREMENT,
  `nombre_campo` varchar(200) NOT NULL,
  PRIMARY KEY (`id`)
) ENGINE=InnoDB DEFAULT CHARSET=utf8;

LOCK TABLES `campos` WRITE;
/*!40000 ALTER TABLE `campos` DISABLE KEYS */;

INSERT INTO `campos` (`id`, `nombre_campo`)
VALUES
	(1,'BLOQUE LLANOS 34'),
	(2,'BLOQUE CUERVA'),
	(3,'BLOQUE YAMÚ'),
	(4,'SIN BLOQUE');

/*!40000 ALTER TABLE `campos` ENABLE KEYS */;
UNLOCK TABLES;


# Volcado de tabla campos_veredas
# ------------------------------------------------------------

DROP TABLE IF EXISTS `campos_veredas`;

CREATE TABLE `campos_veredas` (
  `id` int(11) NOT NULL AUTO_INCREMENT,
  `id_campo` int(11) NOT NULL,
  `id_vereda` int(11) NOT NULL,
  PRIMARY KEY (`id`),
  KEY `Refcampos155` (`id_campo`),
  KEY `Refveredas156` (`id_vereda`)
) ENGINE=InnoDB DEFAULT CHARSET=utf8;

LOCK TABLES `campos_veredas` WRITE;
/*!40000 ALTER TABLE `campos_veredas` DISABLE KEYS */;

INSERT INTO `campos_veredas` (`id`, `id_campo`, `id_vereda`)
VALUES
	(1,1,38),
	(2,1,726),
	(3,1,36),
	(4,1,208),
	(5,1,725),
	(6,1,207),
	(7,1,209),
	(8,1,211),
	(9,1,212),
	(10,1,213),
	(11,2,357),
	(12,2,371),
	(13,2,345),
	(14,2,351),
	(15,2,727),
	(16,3,320),
	(17,3,728),
	(18,3,729),
	(19,3,730);

/*!40000 ALTER TABLE `campos_veredas` ENABLE KEYS */;
UNLOCK TABLES;


# Volcado de tabla cocinas
# ------------------------------------------------------------

DROP TABLE IF EXISTS `cocinas`;

CREATE TABLE `cocinas` (
  `id` int(11) NOT NULL AUTO_INCREMENT,
  `estructura_viga` tinyint(1) NOT NULL,
  `estructura_columna` tinyint(1) NOT NULL,
  `panete_interno` tinyint(1) NOT NULL,
  `panete_externo` tinyint(1) NOT NULL,
  `estuco` tinyint(1) NOT NULL,
  `pintura` tinyint(1) NOT NULL,
  `muros_enchapado` tinyint(1) NOT NULL,
  `meson` tinyint(1) NOT NULL,
  `lavaplatos` tinyint(1) NOT NULL,
  `cantidad_puertas` int(11) NOT NULL,
  `cantidad_ventanas` int(11) NOT NULL,
  `observaciones` text,
  `id_estado_vivienda` int(11) NOT NULL,
  `id_informacion` int(11) NOT NULL,
  `id_tipo_muro` int(11) NOT NULL,
  `id_tipo_piso` int(11) NOT NULL,
  `id_tipo_cubierta` int(11) NOT NULL,
  `id_material_puertas` int(11) DEFAULT NULL,
  `id_material_ventanas` int(11) DEFAULT NULL,
  `id_tipo_meson` int(11) DEFAULT NULL,
  `id_elemento_cocina` int(11) DEFAULT NULL,
  `piso_deteriorado` tinyint(1) NOT NULL DEFAULT '0',
  `updated_at` timestamp NULL DEFAULT NULL,
  `created_at` timestamp NULL DEFAULT NULL,
  `nombre` varchar(100) DEFAULT NULL,
  `puertas` tinyint(1) NOT NULL DEFAULT '0',
  `ventanas` tinyint(1) NOT NULL DEFAULT '0',
  `estufa` tinyint(1) DEFAULT NULL,
  `id_fuente_energia_cocinas` int(11) DEFAULT NULL,
  `id_tipo_visita` int(11) NOT NULL,
  PRIMARY KEY (`id`),
  KEY `Refestados_viviendas174` (`id_estado_vivienda`),
  KEY `Refinformacion_viviendas175` (`id_informacion`),
  KEY `Reftipo_muros176` (`id_tipo_muro`),
  KEY `Reftipo_pisos177` (`id_tipo_piso`),
  KEY `Reftipos_mesones178` (`id_tipo_meson`),
  KEY `Refelementos_cocinas179` (`id_elemento_cocina`),
  KEY `Reftipo_cubiertas180` (`id_tipo_cubierta`),
  KEY `Refmateriales_puertas181` (`id_material_puertas`),
  KEY `Refmateriales_ventanas182` (`id_material_ventanas`)
) ENGINE=InnoDB DEFAULT CHARSET=utf8;



# Volcado de tabla componente_est_cultivos
# ------------------------------------------------------------

DROP TABLE IF EXISTS `componente_est_cultivos`;

CREATE TABLE `componente_est_cultivos` (
  `id` int(11) NOT NULL AUTO_INCREMENT,
  `componente` varchar(50) NOT NULL,
  PRIMARY KEY (`id`)
) ENGINE=InnoDB DEFAULT CHARSET=utf8;

LOCK TABLES `componente_est_cultivos` WRITE;
/*!40000 ALTER TABLE `componente_est_cultivos` DISABLE KEYS */;

INSERT INTO `componente_est_cultivos` (`id`, `componente`)
VALUES
	(1,'Deshierbado'),
	(2,'Fertilización');

/*!40000 ALTER TABLE `componente_est_cultivos` ENABLE KEYS */;
UNLOCK TABLES;


# Volcado de tabla componente_manejo_mantenimientos
# ------------------------------------------------------------

DROP TABLE IF EXISTS `componente_manejo_mantenimientos`;

CREATE TABLE `componente_manejo_mantenimientos` (
  `id` int(11) NOT NULL AUTO_INCREMENT,
  `componente` varchar(100) NOT NULL,
  PRIMARY KEY (`id`)
) ENGINE=InnoDB DEFAULT CHARSET=utf8;

LOCK TABLES `componente_manejo_mantenimientos` WRITE;
/*!40000 ALTER TABLE `componente_manejo_mantenimientos` DISABLE KEYS */;

INSERT INTO `componente_manejo_mantenimientos` (`id`, `componente`)
VALUES
	(1,'Deshierbado'),
	(2,'Fertilización'),
	(3,'Control de plagas y enfermedades');

/*!40000 ALTER TABLE `componente_manejo_mantenimientos` ENABLE KEYS */;
UNLOCK TABLES;


# Volcado de tabla componente_prep_siembras
# ------------------------------------------------------------

DROP TABLE IF EXISTS `componente_prep_siembras`;

CREATE TABLE `componente_prep_siembras` (
  `id` int(11) NOT NULL AUTO_INCREMENT,
  `componente` varchar(50) NOT NULL,
  PRIMARY KEY (`id`)
) ENGINE=InnoDB DEFAULT CHARSET=utf8;

LOCK TABLES `componente_prep_siembras` WRITE;
/*!40000 ALTER TABLE `componente_prep_siembras` DISABLE KEYS */;

INSERT INTO `componente_prep_siembras` (`id`, `componente`)
VALUES
	(1,'Preparación del terreno'),
	(2,'Semilla-semillero'),
	(3,'Siembra');

/*!40000 ALTER TABLE `componente_prep_siembras` ENABLE KEYS */;
UNLOCK TABLES;


# Volcado de tabla componentes_cultivos
# ------------------------------------------------------------

DROP TABLE IF EXISTS `componentes_cultivos`;

CREATE TABLE `componentes_cultivos` (
  `id` int(11) unsigned NOT NULL AUTO_INCREMENT,
  `componente` varchar(100) COLLATE utf8_unicode_ci DEFAULT NULL,
  `id_etapa` int(11) DEFAULT NULL,
  PRIMARY KEY (`id`),
  KEY `id` (`id`)
) ENGINE=InnoDB DEFAULT CHARSET=utf8 COLLATE=utf8_unicode_ci;

LOCK TABLES `componentes_cultivos` WRITE;
/*!40000 ALTER TABLE `componentes_cultivos` DISABLE KEYS */;

INSERT INTO `componentes_cultivos` (`id`, `componente`, `id_etapa`)
VALUES
	(1,'Preparación del Terreno',1),
	(2,'Semilla - Semillero',1),
	(3,'Siembra',1),
	(4,'Desyerbado',2),
	(5,'Fertilización',2),
	(6,'Desyerbado',3),
	(7,'Fertilización',3),
	(8,'Control de Plagas',3);

/*!40000 ALTER TABLE `componentes_cultivos` ENABLE KEYS */;
UNLOCK TABLES;


# Volcado de tabla comunicaciones
# ------------------------------------------------------------

DROP TABLE IF EXISTS `comunicaciones`;

CREATE TABLE `comunicaciones` (
  `id` int(11) NOT NULL AUTO_INCREMENT,
  `id_medio_comunicacion` int(11) NOT NULL,
  `id_servicios_publicos` int(11) NOT NULL,
  `created_at` timestamp NULL DEFAULT NULL,
  `updated_at` timestamp NULL DEFAULT NULL,
  PRIMARY KEY (`id`),
  KEY `Refmedios_comunicaciones203` (`id_medio_comunicacion`),
  KEY `Refservicios_publicos204` (`id_servicios_publicos`)
) ENGINE=InnoDB DEFAULT CHARSET=utf8;

LOCK TABLES `comunicaciones` WRITE;
/*!40000 ALTER TABLE `comunicaciones` DISABLE KEYS */;

INSERT INTO `comunicaciones` (`id`, `id_medio_comunicacion`, `id_servicios_publicos`, `created_at`, `updated_at`)
VALUES
	(5,1,1,'2017-03-14 21:05:25','2017-03-14 21:05:25'),
	(6,2,1,'2017-03-14 21:05:25','2017-03-14 21:05:25'),
	(7,3,1,'2017-03-14 21:05:25','2017-03-14 21:05:25'),
	(8,4,1,'2017-03-14 21:05:25','2017-03-14 21:05:25'),
	(9,5,1,'2017-03-14 21:05:25','2017-03-14 21:05:25'),
	(10,2,2,'2017-03-14 21:26:02','2017-03-14 21:26:02'),
	(11,3,2,'2017-03-14 21:26:02','2017-03-14 21:26:02'),
	(12,2,3,'2017-03-14 21:29:47','2017-03-14 21:29:47'),
	(13,3,3,'2017-03-14 21:29:47','2017-03-14 21:29:47'),
	(14,4,3,'2017-03-14 21:29:47','2017-03-14 21:29:47'),
	(15,2,4,'2017-03-14 22:15:40','2017-03-14 22:15:40');

/*!40000 ALTER TABLE `comunicaciones` ENABLE KEYS */;
UNLOCK TABLES;


# Volcado de tabla control_plagas_enfermedades
# ------------------------------------------------------------

DROP TABLE IF EXISTS `control_plagas_enfermedades`;

CREATE TABLE `control_plagas_enfermedades` (
  `id` int(11) NOT NULL AUTO_INCREMENT,
  `caracteristicas_control` varchar(100) NOT NULL,
  `frecuencia` varchar(100) NOT NULL,
  `mano_obra` int(11) DEFAULT NULL,
  `tipo_plaga` varchar(500) NOT NULL DEFAULT '',
  `id_cultivo` int(11) NOT NULL,
  `updated_at` timestamp NULL DEFAULT NULL,
  `created_at` timestamp NULL DEFAULT NULL,
  PRIMARY KEY (`id`),
  KEY `Reftipo_plagas237` (`tipo_plaga`(255)),
  KEY `Refcultivos238` (`id_cultivo`)
) ENGINE=InnoDB DEFAULT CHARSET=utf8;

LOCK TABLES `control_plagas_enfermedades` WRITE;
/*!40000 ALTER TABLE `control_plagas_enfermedades` DISABLE KEYS */;

INSERT INTO `control_plagas_enfermedades` (`id`, `caracteristicas_control`, `frecuencia`, `mano_obra`, `tipo_plaga`, `id_cultivo`, `updated_at`, `created_at`)
VALUES
	(1,'Fumigar','2',20,'Coco',1,NULL,NULL),
	(2,'Fumigar','5',NULL,'Abejas',1,'2017-07-18 21:15:02','2017-07-18 21:15:02');

/*!40000 ALTER TABLE `control_plagas_enfermedades` ENABLE KEYS */;
UNLOCK TABLES;


# Volcado de tabla convenios
# ------------------------------------------------------------

DROP TABLE IF EXISTS `convenios`;

CREATE TABLE `convenios` (
  `id` int(11) NOT NULL AUTO_INCREMENT,
  `nombre_convenio` varchar(200) NOT NULL,
  `fecha_convenio` date NOT NULL,
  `cantidad_subsidios_convenios` int(11) NOT NULL,
  PRIMARY KEY (`id`)
) ENGINE=InnoDB DEFAULT CHARSET=utf8;



# Volcado de tabla corrales_ganaderias
# ------------------------------------------------------------

DROP TABLE IF EXISTS `corrales_ganaderias`;

CREATE TABLE `corrales_ganaderias` (
  `id` int(11) NOT NULL AUTO_INCREMENT,
  `extension_m2` int(11) NOT NULL,
  `id_tipo_corral` int(11) NOT NULL,
  `id_info_productivo` int(11) NOT NULL,
  PRIMARY KEY (`id`),
  KEY `Reftipo_corrales147` (`id_tipo_corral`),
  KEY `Refinformacion_productivos148` (`id_info_productivo`)
) ENGINE=InnoDB DEFAULT CHARSET=utf8;



# Volcado de tabla cultivos
# ------------------------------------------------------------

DROP TABLE IF EXISTS `cultivos`;

CREATE TABLE `cultivos` (
  `id` int(11) NOT NULL AUTO_INCREMENT,
  `descripcion_cultivo` varchar(200) NOT NULL,
  `nombre_producto` varchar(200) NOT NULL,
  `fecha_establecimiento_cultivo` date NOT NULL,
  `fecha_renovacion` date DEFAULT NULL,
  `id_info_productivo` int(11) NOT NULL,
  `id_unidad_producto` int(11) NOT NULL,
  `id_sitio_venta` int(11) NOT NULL,
  `created_at` timestamp NULL DEFAULT NULL,
  `updated_at` timestamp NULL DEFAULT NULL,
  PRIMARY KEY (`id`),
  KEY `Refinformacion_productivos91` (`id_info_productivo`),
  KEY `Refunidad_productos111` (`id_unidad_producto`),
  KEY `Refsitio_ventas112` (`id_sitio_venta`)
) ENGINE=InnoDB DEFAULT CHARSET=utf8;

LOCK TABLES `cultivos` WRITE;
/*!40000 ALTER TABLE `cultivos` DISABLE KEYS */;

INSERT INTO `cultivos` (`id`, `descripcion_cultivo`, `nombre_producto`, `fecha_establecimiento_cultivo`, `fecha_renovacion`, `id_info_productivo`, `id_unidad_producto`, `id_sitio_venta`, `created_at`, `updated_at`)
VALUES
	(1,'Cultivo de Piña Gold','Piña','2017-07-01','2017-06-01',1,1,5,'2017-07-12 20:54:22','2017-07-12 22:37:53'),
	(2,'Cultivo de Piña Perolera','Piña','2017-07-01','2017-06-01',1,1,5,'2017-07-12 20:55:09','2017-07-12 22:19:52'),
	(3,'Cultivo de Papaya Llanera','Papaya','2017-07-01','2017-06-01',1,1,5,'2017-07-12 21:01:51','2017-07-12 22:40:26'),
	(4,'Banano Llanero','Banano','2017-07-07','2017-07-06',1,1,2,'2017-07-15 17:56:35','2017-07-15 17:56:35'),
	(5,'Banano Llanero','Banano','2017-07-07','2017-07-06',1,1,2,'2017-07-15 17:59:00','2017-07-15 17:59:00');

/*!40000 ALTER TABLE `cultivos` ENABLE KEYS */;
UNLOCK TABLES;


# Volcado de tabla departamentos
# ------------------------------------------------------------

DROP TABLE IF EXISTS `departamentos`;

CREATE TABLE `departamentos` (
  `id` int(11) NOT NULL,
  `departamento` varchar(200) NOT NULL,
  PRIMARY KEY (`id`)
) ENGINE=InnoDB DEFAULT CHARSET=utf8;

LOCK TABLES `departamentos` WRITE;
/*!40000 ALTER TABLE `departamentos` DISABLE KEYS */;

INSERT INTO `departamentos` (`id`, `departamento`)
VALUES
	(85,'Casanare');

/*!40000 ALTER TABLE `departamentos` ENABLE KEYS */;
UNLOCK TABLES;


# Volcado de tabla detalle_cultivos
# ------------------------------------------------------------

DROP TABLE IF EXISTS `detalle_cultivos`;

CREATE TABLE `detalle_cultivos` (
  `id` int(11) unsigned NOT NULL AUTO_INCREMENT,
  `id_componente_cultivo` int(11) NOT NULL,
  `id_cultivo` int(11) NOT NULL,
  `actividades` varchar(500) NOT NULL DEFAULT '',
  `frecuencia` varchar(500) NOT NULL DEFAULT '',
  `mano_obra` int(11) NOT NULL,
  `created_at` timestamp NULL DEFAULT CURRENT_TIMESTAMP ON UPDATE CURRENT_TIMESTAMP,
  `updated_at` timestamp NULL DEFAULT NULL,
  PRIMARY KEY (`id`)
) ENGINE=InnoDB DEFAULT CHARSET=utf8;

LOCK TABLES `detalle_cultivos` WRITE;
/*!40000 ALTER TABLE `detalle_cultivos` DISABLE KEYS */;

INSERT INTO `detalle_cultivos` (`id`, `id_componente_cultivo`, `id_cultivo`, `actividades`, `frecuencia`, `mano_obra`, `created_at`, `updated_at`)
VALUES
	(4,1,1,'Varias','2',10,'2017-07-17 23:48:19','2017-07-17 23:48:19'),
	(7,8,1,'Matar bachachos','5',20,'2017-07-17 23:51:05','2017-07-17 23:51:05');

/*!40000 ALTER TABLE `detalle_cultivos` ENABLE KEYS */;
UNLOCK TABLES;


# Volcado de tabla dispocision_basuras
# ------------------------------------------------------------

DROP TABLE IF EXISTS `dispocision_basuras`;

CREATE TABLE `dispocision_basuras` (
  `id` int(11) NOT NULL AUTO_INCREMENT,
  `id_metodos_disposicion` int(11) NOT NULL,
  `id_servicios_publicos` int(11) NOT NULL,
  PRIMARY KEY (`id`),
  KEY `Refmetodos_disposicion_basuras212` (`id_metodos_disposicion`),
  KEY `Refservicios_publicos213` (`id_servicios_publicos`)
) ENGINE=InnoDB DEFAULT CHARSET=utf8;



# Volcado de tabla distancia_m_rio_quebradas
# ------------------------------------------------------------

DROP TABLE IF EXISTS `distancia_m_rio_quebradas`;

CREATE TABLE `distancia_m_rio_quebradas` (
  `id` int(11) NOT NULL AUTO_INCREMENT,
  `distancia` varchar(20) NOT NULL,
  PRIMARY KEY (`id`)
) ENGINE=InnoDB DEFAULT CHARSET=utf8;

LOCK TABLES `distancia_m_rio_quebradas` WRITE;
/*!40000 ALTER TABLE `distancia_m_rio_quebradas` DISABLE KEYS */;

INSERT INTO `distancia_m_rio_quebradas` (`id`, `distancia`)
VALUES
	(1,'De 0 a 50m'),
	(2,'De 51 a 100m'),
	(3,'Más de 100m'),
	(4,'No aplica');

/*!40000 ALTER TABLE `distancia_m_rio_quebradas` ENABLE KEYS */;
UNLOCK TABLES;


# Volcado de tabla distribucion_area_predios
# ------------------------------------------------------------

DROP TABLE IF EXISTS `distribucion_area_predios`;

CREATE TABLE `distribucion_area_predios` (
  `id` int(11) NOT NULL AUTO_INCREMENT,
  `ruta_distribucion_area` text NOT NULL,
  `id_info_productivo` int(11) NOT NULL,
  PRIMARY KEY (`id`),
  KEY `Refinformacion_productivos86` (`id_info_productivo`)
) ENGINE=InnoDB DEFAULT CHARSET=utf8;



# Volcado de tabla documentos
# ------------------------------------------------------------

DROP TABLE IF EXISTS `documentos`;

CREATE TABLE `documentos` (
  `id` int(11) NOT NULL AUTO_INCREMENT,
  `ruta_documento` text NOT NULL,
  `id_beneficiario` int(11) NOT NULL,
  `id_tipo_documento` int(11) NOT NULL,
  PRIMARY KEY (`id`),
  KEY `Refbeneficiarios84` (`id_beneficiario`),
  KEY `Reftipo_documentos85` (`id_tipo_documento`)
) ENGINE=InnoDB DEFAULT CHARSET=utf8;



# Volcado de tabla elementos_cocinas
# ------------------------------------------------------------

DROP TABLE IF EXISTS `elementos_cocinas`;

CREATE TABLE `elementos_cocinas` (
  `id` int(11) NOT NULL AUTO_INCREMENT,
  `elemento_cocina` varchar(200) NOT NULL,
  PRIMARY KEY (`id`)
) ENGINE=InnoDB DEFAULT CHARSET=utf8;

LOCK TABLES `elementos_cocinas` WRITE;
/*!40000 ALTER TABLE `elementos_cocinas` DISABLE KEYS */;

INSERT INTO `elementos_cocinas` (`id`, `elemento_cocina`)
VALUES
	(1,'Fogón de leña'),
	(2,'Estufa de leña'),
	(3,'Estufa a gasolina'),
	(4,'Estufa a gas'),
	(5,'Estufa eléctrica'),
	(6,'Ninguna');

/*!40000 ALTER TABLE `elementos_cocinas` ENABLE KEYS */;
UNLOCK TABLES;


# Volcado de tabla elementos_sanitarios
# ------------------------------------------------------------

DROP TABLE IF EXISTS `elementos_sanitarios`;

CREATE TABLE `elementos_sanitarios` (
  `id` int(11) NOT NULL AUTO_INCREMENT,
  `elementos_sanitarios` varchar(100) NOT NULL,
  PRIMARY KEY (`id`)
) ENGINE=InnoDB DEFAULT CHARSET=utf8;

LOCK TABLES `elementos_sanitarios` WRITE;
/*!40000 ALTER TABLE `elementos_sanitarios` DISABLE KEYS */;

INSERT INTO `elementos_sanitarios` (`id`, `elementos_sanitarios`)
VALUES
	(1,'Letrina'),
	(2,'Sanitario'),
	(3,'Ducha'),
	(4,'Lavamanos'),
	(5,'Orinal de pared y/o de piso'),
	(6,'Ninguno');

/*!40000 ALTER TABLE `elementos_sanitarios` ENABLE KEYS */;
UNLOCK TABLES;


# Volcado de tabla elementos_sanitarios_instalados
# ------------------------------------------------------------

DROP TABLE IF EXISTS `elementos_sanitarios_instalados`;

CREATE TABLE `elementos_sanitarios_instalados` (
  `id` int(11) NOT NULL AUTO_INCREMENT,
  `id_elementos_sanitarios` int(11) NOT NULL,
  `id_unidades_sanitarias` int(11) NOT NULL,
  `updated_at` timestamp NULL DEFAULT NULL,
  `created_at` timestamp NULL DEFAULT NULL,
  PRIMARY KEY (`id`),
  KEY `Refelementos_sanitarios186` (`id_elementos_sanitarios`),
  KEY `Refunidades_sanitarias253` (`id_unidades_sanitarias`)
) ENGINE=InnoDB DEFAULT CHARSET=utf8;

LOCK TABLES `elementos_sanitarios_instalados` WRITE;
/*!40000 ALTER TABLE `elementos_sanitarios_instalados` DISABLE KEYS */;

INSERT INTO `elementos_sanitarios_instalados` (`id`, `id_elementos_sanitarios`, `id_unidades_sanitarias`, `updated_at`, `created_at`)
VALUES
	(4,1,1,'2017-03-27 23:17:56','2017-03-27 23:17:56'),
	(5,2,1,'2017-03-27 23:17:56','2017-03-27 23:17:56'),
	(6,3,1,'2017-03-27 23:17:56','2017-03-27 23:17:56');

/*!40000 ALTER TABLE `elementos_sanitarios_instalados` ENABLE KEYS */;
UNLOCK TABLES;


# Volcado de tabla eliminacion_aguas_grises
# ------------------------------------------------------------

DROP TABLE IF EXISTS `eliminacion_aguas_grises`;

CREATE TABLE `eliminacion_aguas_grises` (
  `id` int(11) NOT NULL AUTO_INCREMENT,
  `id_sistema_eliminacion_aguas_grises` int(11) NOT NULL,
  `id_servicios_publicos` int(11) NOT NULL,
  PRIMARY KEY (`id`),
  KEY `Refsistema_eliminacion_aguas_grises209` (`id_sistema_eliminacion_aguas_grises`),
  KEY `Refservicios_publicos211` (`id_servicios_publicos`)
) ENGINE=InnoDB DEFAULT CHARSET=utf8;



# Volcado de tabla eliminacion_excretas
# ------------------------------------------------------------

DROP TABLE IF EXISTS `eliminacion_excretas`;

CREATE TABLE `eliminacion_excretas` (
  `id` int(11) NOT NULL AUTO_INCREMENT,
  `id_sistema_eliminacion_excretas` int(11) NOT NULL,
  `id_servicios_publicos` int(11) NOT NULL,
  PRIMARY KEY (`id`),
  KEY `Refsistema_eliminacion_excretas207` (`id_sistema_eliminacion_excretas`),
  KEY `Refservicios_publicos208` (`id_servicios_publicos`)
) ENGINE=InnoDB DEFAULT CHARSET=utf8;



# Volcado de tabla epoca_escases
# ------------------------------------------------------------

DROP TABLE IF EXISTS `epoca_escases`;

CREATE TABLE `epoca_escases` (
  `id` int(11) NOT NULL AUTO_INCREMENT,
  `id_info_productivo` int(11) NOT NULL,
  `id_mes` int(11) NOT NULL,
  PRIMARY KEY (`id`),
  KEY `Refinformacion_productivos130` (`id_info_productivo`),
  KEY `Refmeses131` (`id_mes`)
) ENGINE=InnoDB DEFAULT CHARSET=utf8;



# Volcado de tabla especie_peces
# ------------------------------------------------------------

DROP TABLE IF EXISTS `especie_peces`;

CREATE TABLE `especie_peces` (
  `id` int(11) NOT NULL AUTO_INCREMENT,
  `especie` varchar(50) NOT NULL,
  PRIMARY KEY (`id`)
) ENGINE=InnoDB DEFAULT CHARSET=utf8;

LOCK TABLES `especie_peces` WRITE;
/*!40000 ALTER TABLE `especie_peces` DISABLE KEYS */;

INSERT INTO `especie_peces` (`id`, `especie`)
VALUES
	(1,'Cachama'),
	(2,'Mojarra'),
	(3,'Bagre'),
	(4,'Yamú'),
	(5,'Trucha');

/*!40000 ALTER TABLE `especie_peces` ENABLE KEYS */;
UNLOCK TABLES;


# Volcado de tabla establecimiento_cultivos
# ------------------------------------------------------------

DROP TABLE IF EXISTS `establecimiento_cultivos`;

CREATE TABLE `establecimiento_cultivos` (
  `id` int(11) NOT NULL AUTO_INCREMENT,
  `actividades_caracteristicas` varchar(300) DEFAULT NULL,
  `frecuencia` varchar(30) DEFAULT NULL,
  `mano_obra` varchar(300) DEFAULT NULL,
  `id_info_productivo` int(11) NOT NULL,
  `id_cultivos` int(11) NOT NULL,
  `id_componente_est_cultivos` int(11) NOT NULL,
  PRIMARY KEY (`id`),
  KEY `Refcultivos232` (`id_cultivos`),
  KEY `Refcomponente_est_cultivos233` (`id_componente_est_cultivos`),
  KEY `Refinformacion_productivos49` (`id_info_productivo`)
) ENGINE=InnoDB DEFAULT CHARSET=utf8;



# Volcado de tabla estado_instalaciones
# ------------------------------------------------------------

DROP TABLE IF EXISTS `estado_instalaciones`;

CREATE TABLE `estado_instalaciones` (
  `id` int(11) NOT NULL AUTO_INCREMENT,
  `estado_instalaciones` varchar(50) NOT NULL,
  PRIMARY KEY (`id`)
) ENGINE=InnoDB DEFAULT CHARSET=utf8;

LOCK TABLES `estado_instalaciones` WRITE;
/*!40000 ALTER TABLE `estado_instalaciones` DISABLE KEYS */;

INSERT INTO `estado_instalaciones` (`id`, `estado_instalaciones`)
VALUES
	(1,'Malo'),
	(2,'Regular'),
	(3,'Bueno');

/*!40000 ALTER TABLE `estado_instalaciones` ENABLE KEYS */;
UNLOCK TABLES;


# Volcado de tabla estados_civiles
# ------------------------------------------------------------

DROP TABLE IF EXISTS `estados_civiles`;

CREATE TABLE `estados_civiles` (
  `id` int(11) NOT NULL AUTO_INCREMENT,
  `estado_civil` varchar(200) NOT NULL,
  PRIMARY KEY (`id`)
) ENGINE=InnoDB DEFAULT CHARSET=utf8;

LOCK TABLES `estados_civiles` WRITE;
/*!40000 ALTER TABLE `estados_civiles` DISABLE KEYS */;

INSERT INTO `estados_civiles` (`id`, `estado_civil`)
VALUES
	(1,'Casado(a)'),
	(2,'Unión libre'),
	(3,'Soltero(a)'),
	(4,'Viudo(a)');

/*!40000 ALTER TABLE `estados_civiles` ENABLE KEYS */;
UNLOCK TABLES;


# Volcado de tabla estados_subsidios
# ------------------------------------------------------------

DROP TABLE IF EXISTS `estados_subsidios`;

CREATE TABLE `estados_subsidios` (
  `id` int(11) NOT NULL AUTO_INCREMENT,
  `estado_subsidio` varchar(30) NOT NULL,
  PRIMARY KEY (`id`)
) ENGINE=InnoDB DEFAULT CHARSET=utf8;

LOCK TABLES `estados_subsidios` WRITE;
/*!40000 ALTER TABLE `estados_subsidios` DISABLE KEYS */;

INSERT INTO `estados_subsidios` (`id`, `estado_subsidio`)
VALUES
	(4,'Asignado'),
	(5,'Concertado');

/*!40000 ALTER TABLE `estados_subsidios` ENABLE KEYS */;
UNLOCK TABLES;


# Volcado de tabla estados_vias
# ------------------------------------------------------------

DROP TABLE IF EXISTS `estados_vias`;

CREATE TABLE `estados_vias` (
  `id` int(11) NOT NULL AUTO_INCREMENT,
  `estado_via` varchar(50) NOT NULL,
  PRIMARY KEY (`id`)
) ENGINE=InnoDB DEFAULT CHARSET=utf8;

LOCK TABLES `estados_vias` WRITE;
/*!40000 ALTER TABLE `estados_vias` DISABLE KEYS */;

INSERT INTO `estados_vias` (`id`, `estado_via`)
VALUES
	(1,'Vía pavimentada'),
	(2,'Vía destapada'),
	(3,'Camino de herradura');

/*!40000 ALTER TABLE `estados_vias` ENABLE KEYS */;
UNLOCK TABLES;


# Volcado de tabla estados_viviendas
# ------------------------------------------------------------

DROP TABLE IF EXISTS `estados_viviendas`;

CREATE TABLE `estados_viviendas` (
  `id` int(11) NOT NULL AUTO_INCREMENT,
  `estado_vivienda` varchar(50) NOT NULL,
  PRIMARY KEY (`id`)
) ENGINE=InnoDB DEFAULT CHARSET=utf8;

LOCK TABLES `estados_viviendas` WRITE;
/*!40000 ALTER TABLE `estados_viviendas` DISABLE KEYS */;

INSERT INTO `estados_viviendas` (`id`, `estado_vivienda`)
VALUES
	(1,'Mala'),
	(2,'Regular'),
	(3,'Buena sin acabados'),
	(4,'Buena con acabados');

/*!40000 ALTER TABLE `estados_viviendas` ENABLE KEYS */;
UNLOCK TABLES;


# Volcado de tabla etapas_cultivos
# ------------------------------------------------------------

DROP TABLE IF EXISTS `etapas_cultivos`;

CREATE TABLE `etapas_cultivos` (
  `id` int(11) unsigned NOT NULL AUTO_INCREMENT,
  `etapa` varchar(50) CHARACTER SET utf8 DEFAULT NULL,
  PRIMARY KEY (`id`),
  KEY `id` (`id`)
) ENGINE=InnoDB DEFAULT CHARSET=utf8 COLLATE=utf8_unicode_ci;

LOCK TABLES `etapas_cultivos` WRITE;
/*!40000 ALTER TABLE `etapas_cultivos` DISABLE KEYS */;

INSERT INTO `etapas_cultivos` (`id`, `etapa`)
VALUES
	(1,'Preparación Siembra'),
	(2,'Periodo de Establecimiento'),
	(3,'Manejo y Mantenimiento');

/*!40000 ALTER TABLE `etapas_cultivos` ENABLE KEYS */;
UNLOCK TABLES;


# Volcado de tabla fase_veredas
# ------------------------------------------------------------

DROP TABLE IF EXISTS `fase_veredas`;

CREATE TABLE `fase_veredas` (
  `id` int(11) unsigned NOT NULL AUTO_INCREMENT,
  `id_fase` int(11) NOT NULL,
  `id_vereda` int(11) NOT NULL,
  `created_at` timestamp NULL DEFAULT NULL,
  `updated_at` timestamp NULL DEFAULT NULL,
  PRIMARY KEY (`id`)
) ENGINE=InnoDB DEFAULT CHARSET=utf8;

LOCK TABLES `fase_veredas` WRITE;
/*!40000 ALTER TABLE `fase_veredas` DISABLE KEYS */;

INSERT INTO `fase_veredas` (`id`, `id_fase`, `id_vereda`, `created_at`, `updated_at`)
VALUES
	(1,1,725,'2017-05-18 21:06:43','2017-05-18 21:06:43'),
	(2,1,207,'2017-05-18 21:06:43','2017-05-18 21:06:43'),
	(3,1,208,'2017-05-18 21:06:43','2017-05-18 21:06:43'),
	(4,1,38,'2017-05-18 21:06:43','2017-05-18 21:06:43'),
	(5,1,209,'2017-05-18 21:06:43','2017-05-18 21:06:43'),
	(6,1,726,'2017-05-18 21:06:43','2017-05-18 21:06:43'),
	(7,2,207,'2017-05-18 21:08:44','2017-05-18 21:08:44'),
	(8,2,38,'2017-05-18 21:08:44','2017-05-18 21:08:44'),
	(9,2,209,'2017-05-18 21:08:44','2017-05-18 21:08:44');

/*!40000 ALTER TABLE `fase_veredas` ENABLE KEYS */;
UNLOCK TABLES;


# Volcado de tabla fases
# ------------------------------------------------------------

DROP TABLE IF EXISTS `fases`;

CREATE TABLE `fases` (
  `id` int(11) unsigned NOT NULL AUTO_INCREMENT,
  `id_orden_servicio` int(11) NOT NULL,
  `nombre_fase` varchar(500) NOT NULL DEFAULT '',
  `id_usuario` int(11) NOT NULL,
  `observaciones` varchar(5000) DEFAULT NULL,
  `fecha_fase` date NOT NULL,
  `estado` enum('0','1') DEFAULT '1',
  `created_at` timestamp NULL DEFAULT NULL,
  `updated_at` timestamp NULL DEFAULT NULL,
  PRIMARY KEY (`id`),
  KEY `fk_fase_orden_servicio` (`id_orden_servicio`),
  KEY `fk_fases_usuarios` (`id_usuario`),
  KEY `index` (`id`),
  CONSTRAINT `fk_fases_usuarios` FOREIGN KEY (`id_usuario`) REFERENCES `usuarios` (`id`) ON UPDATE NO ACTION,
  CONSTRAINT `fk_fase_orden_servicio` FOREIGN KEY (`id_orden_servicio`) REFERENCES `orden_servicios` (`id`) ON UPDATE NO ACTION
) ENGINE=InnoDB DEFAULT CHARSET=utf8;

LOCK TABLES `fases` WRITE;
/*!40000 ALTER TABLE `fases` DISABLE KEYS */;

INSERT INTO `fases` (`id`, `id_orden_servicio`, `nombre_fase`, `id_usuario`, `observaciones`, `fecha_fase`, `estado`, `created_at`, `updated_at`)
VALUES
	(1,1,'FASE 1',1,'FASE UNO','2017-04-04','1','2017-04-04 00:00:00','2017-04-04 00:00:00'),
	(2,1,'FASE 2',1,'FASE DOS','2017-04-04','1','2017-04-04 00:00:00','2017-04-04 00:00:00');

/*!40000 ALTER TABLE `fases` ENABLE KEYS */;
UNLOCK TABLES;


# Volcado de tabla flujo_mano_obras
# ------------------------------------------------------------

DROP TABLE IF EXISTS `flujo_mano_obras`;

CREATE TABLE `flujo_mano_obras` (
  `id` int(11) NOT NULL AUTO_INCREMENT,
  `jornal_vendido` int(11) NOT NULL,
  `actividad_jornal_vendido` varchar(300) NOT NULL,
  `jornal_contratado` int(11) NOT NULL,
  `actividad_jornal_contratado` varchar(300) NOT NULL,
  `id_mes` int(11) NOT NULL,
  `id_info_productivo` int(11) NOT NULL,
  `updated_at` timestamp NULL DEFAULT NULL,
  `created_at` timestamp NULL DEFAULT NULL,
  PRIMARY KEY (`id`),
  KEY `Refmeses37` (`id_mes`),
  KEY `Refinformacion_productivos38` (`id_info_productivo`)
) ENGINE=InnoDB DEFAULT CHARSET=utf8;

LOCK TABLES `flujo_mano_obras` WRITE;
/*!40000 ALTER TABLE `flujo_mano_obras` DISABLE KEYS */;

INSERT INTO `flujo_mano_obras` (`id`, `jornal_vendido`, `actividad_jornal_vendido`, `jornal_contratado`, `actividad_jornal_contratado`, `id_mes`, `id_info_productivo`, `updated_at`, `created_at`)
VALUES
	(1,10,'Varios',5,'Varios',1,1,NULL,NULL),
	(2,20,'Varios',6,'Poda',2,1,'2017-07-08 22:14:09','2017-07-08 22:14:09');

/*!40000 ALTER TABLE `flujo_mano_obras` ENABLE KEYS */;
UNLOCK TABLES;


# Volcado de tabla fotografias
# ------------------------------------------------------------

DROP TABLE IF EXISTS `fotografias`;

CREATE TABLE `fotografias` (
  `id` int(11) unsigned NOT NULL AUTO_INCREMENT,
  `ruta` varchar(200) NOT NULL DEFAULT '',
  `id_informacion` int(11) DEFAULT NULL,
  `id_productivo` int(11) DEFAULT NULL,
  `tipo` int(11) NOT NULL,
  `created_at` timestamp NULL DEFAULT NULL,
  `updated_at` timestamp NULL DEFAULT NULL,
  PRIMARY KEY (`id`)
) ENGINE=InnoDB DEFAULT CHARSET=utf8;

LOCK TABLES `fotografias` WRITE;
/*!40000 ALTER TABLE `fotografias` DISABLE KEYS */;

INSERT INTO `fotografias` (`id`, `ruta`, `id_informacion`, `id_productivo`, `tipo`, `created_at`, `updated_at`)
VALUES
	(3,'/img/vivienda/diagnostico/1490127006_58d1889eb2736.jpeg',1,NULL,1,'2017-03-21 20:10:07','2017-03-21 20:10:07'),
	(5,'/img/vivienda/diagnostico/1490128943_58d1902f522d3.jpeg',1,NULL,1,'2017-03-21 20:42:24','2017-03-21 20:42:24'),
	(6,'/img/vivienda/diagnostico/1490129109_58d190d5df3ca.jpeg',1,NULL,1,'2017-03-21 20:45:10','2017-03-21 20:45:10'),
	(7,'/img/vivienda/diagnostico/1490129110_58d190d68bef3.jpeg',1,NULL,1,'2017-03-21 20:45:11','2017-03-21 20:45:11'),
	(15,'/img/vivienda/diagnostico/1491321409_58e3c2411be9d.jpeg',1,NULL,1,'2017-04-04 15:56:49','2017-04-04 15:56:49');

/*!40000 ALTER TABLE `fotografias` ENABLE KEYS */;
UNLOCK TABLES;


# Volcado de tabla frecuencia_ordenios
# ------------------------------------------------------------

DROP TABLE IF EXISTS `frecuencia_ordenios`;

CREATE TABLE `frecuencia_ordenios` (
  `id` int(11) NOT NULL AUTO_INCREMENT,
  `frecuencia` varchar(50) NOT NULL,
  PRIMARY KEY (`id`)
) ENGINE=InnoDB DEFAULT CHARSET=utf8;

LOCK TABLES `frecuencia_ordenios` WRITE;
/*!40000 ALTER TABLE `frecuencia_ordenios` DISABLE KEYS */;

INSERT INTO `frecuencia_ordenios` (`id`, `frecuencia`)
VALUES
	(2,'Una vez'),
	(3,'Dos veces');

/*!40000 ALTER TABLE `frecuencia_ordenios` ENABLE KEYS */;
UNLOCK TABLES;


# Volcado de tabla fuente_energia_cocinas
# ------------------------------------------------------------

DROP TABLE IF EXISTS `fuente_energia_cocinas`;

CREATE TABLE `fuente_energia_cocinas` (
  `id` int(11) NOT NULL AUTO_INCREMENT,
  `fuente_energia_cocina` varchar(100) NOT NULL,
  PRIMARY KEY (`id`)
) ENGINE=InnoDB DEFAULT CHARSET=utf8;

LOCK TABLES `fuente_energia_cocinas` WRITE;
/*!40000 ALTER TABLE `fuente_energia_cocinas` DISABLE KEYS */;

INSERT INTO `fuente_energia_cocinas` (`id`, `fuente_energia_cocina`)
VALUES
	(1,'Gas natural'),
	(2,'Gas propano'),
	(3,'Electricidad'),
	(4,'Gasolina'),
	(5,'Leña'),
	(6,'Otro'),
	(7,'Ninguno');

/*!40000 ALTER TABLE `fuente_energia_cocinas` ENABLE KEYS */;
UNLOCK TABLES;


# Volcado de tabla fuente_energia_electricas
# ------------------------------------------------------------

DROP TABLE IF EXISTS `fuente_energia_electricas`;

CREATE TABLE `fuente_energia_electricas` (
  `id` int(11) unsigned NOT NULL AUTO_INCREMENT,
  `fuente_energia_electrica` varchar(50) NOT NULL DEFAULT '',
  PRIMARY KEY (`id`)
) ENGINE=InnoDB DEFAULT CHARSET=utf8;

LOCK TABLES `fuente_energia_electricas` WRITE;
/*!40000 ALTER TABLE `fuente_energia_electricas` DISABLE KEYS */;

INSERT INTO `fuente_energia_electricas` (`id`, `fuente_energia_electrica`)
VALUES
	(1,'Planta eléctrica'),
	(2,'Energía solar'),
	(3,'Energía eólica'),
	(4,'Red Electrica'),
	(5,'Otra'),
	(6,'Ninguna');

/*!40000 ALTER TABLE `fuente_energia_electricas` ENABLE KEYS */;
UNLOCK TABLES;


# Volcado de tabla fuentes_aguas
# ------------------------------------------------------------

DROP TABLE IF EXISTS `fuentes_aguas`;

CREATE TABLE `fuentes_aguas` (
  `id` int(11) NOT NULL AUTO_INCREMENT,
  `fuente_agua` varchar(100) NOT NULL,
  PRIMARY KEY (`id`)
) ENGINE=InnoDB DEFAULT CHARSET=utf8;

LOCK TABLES `fuentes_aguas` WRITE;
/*!40000 ALTER TABLE `fuentes_aguas` DISABLE KEYS */;

INSERT INTO `fuentes_aguas` (`id`, `fuente_agua`)
VALUES
	(1,'Nacedero'),
	(2,'Jaguey'),
	(3,'Rio/Quebrada'),
	(4,'Pozo profundo'),
	(5,'Acueducto'),
	(6,'Ninguno');

/*!40000 ALTER TABLE `fuentes_aguas` ENABLE KEYS */;
UNLOCK TABLES;


# Volcado de tabla fuentes_energia_alternas
# ------------------------------------------------------------

DROP TABLE IF EXISTS `fuentes_energia_alternas`;

CREATE TABLE `fuentes_energia_alternas` (
  `id` int(11) NOT NULL AUTO_INCREMENT,
  `fuente_energia_alterna` varchar(100) NOT NULL,
  PRIMARY KEY (`id`)
) ENGINE=InnoDB DEFAULT CHARSET=utf8;

LOCK TABLES `fuentes_energia_alternas` WRITE;
/*!40000 ALTER TABLE `fuentes_energia_alternas` DISABLE KEYS */;

INSERT INTO `fuentes_energia_alternas` (`id`, `fuente_energia_alterna`)
VALUES
	(1,'Planta eléctrica'),
	(2,'Energía solar'),
	(3,'Energía eólica'),
	(4,'Otra');

/*!40000 ALTER TABLE `fuentes_energia_alternas` ENABLE KEYS */;
UNLOCK TABLES;


# Volcado de tabla fuentes_hidricas
# ------------------------------------------------------------

DROP TABLE IF EXISTS `fuentes_hidricas`;

CREATE TABLE `fuentes_hidricas` (
  `id` int(11) NOT NULL AUTO_INCREMENT,
  `id_info_productivo` int(11) NOT NULL,
  `tipo_fuentes_hidricas` int(11) NOT NULL,
  PRIMARY KEY (`id`),
  KEY `Refinformacion_productivos90` (`id_info_productivo`),
  KEY `Reftipo_fuentes_hidricas240` (`tipo_fuentes_hidricas`)
) ENGINE=InnoDB DEFAULT CHARSET=utf8;



# Volcado de tabla gas
# ------------------------------------------------------------

DROP TABLE IF EXISTS `gas`;

CREATE TABLE `gas` (
  `id` int(11) unsigned NOT NULL AUTO_INCREMENT,
  `gas` varchar(50) NOT NULL DEFAULT '',
  PRIMARY KEY (`id`)
) ENGINE=InnoDB DEFAULT CHARSET=utf8;

LOCK TABLES `gas` WRITE;
/*!40000 ALTER TABLE `gas` DISABLE KEYS */;

INSERT INTO `gas` (`id`, `gas`)
VALUES
	(1,'Gas Natural'),
	(2,'Gas Propano'),
	(3,'Otro'),
	(4,'Ninguno');

/*!40000 ALTER TABLE `gas` ENABLE KEYS */;
UNLOCK TABLES;


# Volcado de tabla generalidades
# ------------------------------------------------------------

DROP TABLE IF EXISTS `generalidades`;

CREATE TABLE `generalidades` (
  `id` int(11) NOT NULL AUTO_INCREMENT,
  `id_informacion` int(11) DEFAULT NULL,
  `id_info_productivo` int(11) DEFAULT NULL,
  `fecha_vive_vereda` date NOT NULL,
  `fecha_vive_vivienda` date NOT NULL,
  `id_tipo_vehiculo` int(11) NOT NULL,
  `id_tipo_via_acceso` int(11) NOT NULL,
  `id_estado_via` int(11) NOT NULL,
  `id_tiempo_recorrido` int(11) NOT NULL,
  `id_tipologia_familia` int(11) NOT NULL,
  `updated_at` timestamp NULL DEFAULT NULL,
  `created_at` timestamp NULL DEFAULT NULL,
  `id_tipo_proyecto` int(11) DEFAULT NULL,
  PRIMARY KEY (`id`),
  KEY `Refinformacion_viviendas161` (`id_informacion`),
  KEY `Reftipos_vehiculos162` (`id_tipo_vehiculo`),
  KEY `Reftipos_vias_accesos163` (`id_tipo_via_acceso`),
  KEY `Refestados_vias164` (`id_estado_via`),
  KEY `Reftiempos_recorridos165` (`id_tiempo_recorrido`),
  KEY `Reftipologias_familias166` (`id_tipologia_familia`)
) ENGINE=InnoDB DEFAULT CHARSET=utf8;

LOCK TABLES `generalidades` WRITE;
/*!40000 ALTER TABLE `generalidades` DISABLE KEYS */;

INSERT INTO `generalidades` (`id`, `id_informacion`, `id_info_productivo`, `fecha_vive_vereda`, `fecha_vive_vivienda`, `id_tipo_vehiculo`, `id_tipo_via_acceso`, `id_estado_via`, `id_tiempo_recorrido`, `id_tipologia_familia`, `updated_at`, `created_at`, `id_tipo_proyecto`)
VALUES
	(1,1,NULL,'2017-06-01','2017-06-01',2,2,1,2,1,'2017-06-16 20:13:18','2017-06-16 20:13:18',NULL),
	(2,NULL,1,'2017-06-10','2017-06-11',2,1,1,3,2,'2017-06-16 22:59:39','2017-06-16 22:55:21',3),
	(3,NULL,1,'2017-06-10','2017-06-11',2,1,1,3,2,'2017-06-16 22:55:37','2017-06-16 22:55:37',2),
	(4,NULL,1,'2017-06-10','2017-06-11',2,1,1,3,2,'2017-06-16 22:56:05','2017-06-16 22:56:05',2),
	(5,NULL,1,'2017-06-10','2017-06-11',2,1,1,3,2,'2017-06-16 22:56:54','2017-06-16 22:56:54',2);

/*!40000 ALTER TABLE `generalidades` ENABLE KEYS */;
UNLOCK TABLES;


# Volcado de tabla generos
# ------------------------------------------------------------

DROP TABLE IF EXISTS `generos`;

CREATE TABLE `generos` (
  `id` int(10) unsigned NOT NULL AUTO_INCREMENT,
  `abreviatura` char(1) NOT NULL DEFAULT '',
  `genero` varchar(50) NOT NULL,
  PRIMARY KEY (`id`)
) ENGINE=InnoDB DEFAULT CHARSET=utf8;

LOCK TABLES `generos` WRITE;
/*!40000 ALTER TABLE `generos` DISABLE KEYS */;

INSERT INTO `generos` (`id`, `abreviatura`, `genero`)
VALUES
	(1,'F','Femenino'),
	(2,'M','Masculino');

/*!40000 ALTER TABLE `generos` ENABLE KEYS */;
UNLOCK TABLES;


# Volcado de tabla habitaciones
# ------------------------------------------------------------

DROP TABLE IF EXISTS `habitaciones`;

CREATE TABLE `habitaciones` (
  `id` int(11) NOT NULL AUTO_INCREMENT,
  `estructura_viga` tinyint(1) NOT NULL DEFAULT '0',
  `estructura_columna` tinyint(1) NOT NULL DEFAULT '0',
  `panete_interno` tinyint(1) NOT NULL DEFAULT '0',
  `panete_externo` tinyint(1) NOT NULL DEFAULT '0',
  `estuco` tinyint(1) NOT NULL DEFAULT '0',
  `pintura` tinyint(1) NOT NULL DEFAULT '0',
  `cantidad_puertas` int(11) NOT NULL DEFAULT '0',
  `cantidad_ventanas` int(11) NOT NULL DEFAULT '0',
  `observaciones` text,
  `id_estado_vivienda` int(11) NOT NULL,
  `id_informacion` int(11) NOT NULL,
  `id_tipo_muro` int(11) NOT NULL,
  `id_tipo_piso` int(11) NOT NULL,
  `id_tipo_cubierta` int(11) NOT NULL,
  `id_material_puertas` int(11) DEFAULT NULL,
  `id_material_ventanas` int(11) DEFAULT NULL,
  `created_at` timestamp NULL DEFAULT NULL,
  `updated_at` timestamp NULL DEFAULT NULL,
  `piso_deteriorado` tinyint(1) NOT NULL DEFAULT '0',
  `ventanas` tinyint(1) NOT NULL DEFAULT '0',
  `puertas` tinyint(1) NOT NULL DEFAULT '0',
  `nombre` varchar(100) DEFAULT '',
  `id_tipo_visita` int(11) NOT NULL,
  PRIMARY KEY (`id`),
  KEY `Refestados_viviendas167` (`id_estado_vivienda`),
  KEY `Refinformacion_viviendas168` (`id_informacion`),
  KEY `Reftipo_muros169` (`id_tipo_muro`),
  KEY `Reftipo_pisos170` (`id_tipo_piso`),
  KEY `Reftipo_cubiertas171` (`id_tipo_cubierta`),
  KEY `Refmateriales_puertas172` (`id_material_puertas`),
  KEY `Refmateriales_ventanas173` (`id_material_ventanas`)
) ENGINE=InnoDB DEFAULT CHARSET=utf8;



# Volcado de tabla habitantes
# ------------------------------------------------------------

DROP TABLE IF EXISTS `habitantes`;

CREATE TABLE `habitantes` (
  `id` int(11) NOT NULL AUTO_INCREMENT,
  `no_cedula` varchar(30) NOT NULL,
  `nombres` varchar(100) NOT NULL,
  `apellidos` varchar(100) NOT NULL,
  `fecha_nacimiento` date NOT NULL,
  `no_celular` varchar(30) NOT NULL,
  `correo_electronico` varchar(150) DEFAULT NULL,
  `ocupacion` varchar(200) NOT NULL,
  `id_estado_civil` int(11) NOT NULL,
  `id_nivel_educativo` char(1) NOT NULL,
  `id_genero` char(1) NOT NULL,
  `id_vereda` int(11) DEFAULT NULL,
  `cabeza_hogar` tinyint(1) NOT NULL DEFAULT '0',
  `updated_at` timestamp NULL DEFAULT NULL,
  `created_at` timestamp NULL DEFAULT NULL,
  `id_parentesco` int(11) DEFAULT NULL,
  `id_permanencia_predio` int(11) DEFAULT NULL,
  `id_actividad_externa` int(11) DEFAULT NULL,
  `id_actividad_predio` int(11) DEFAULT NULL,
  PRIMARY KEY (`id`),
  UNIQUE KEY `no_cedula` (`no_cedula`),
  KEY `Refestados_civiles6` (`id_estado_civil`),
  KEY `Refnivel_educativos7` (`id_nivel_educativo`),
  KEY `Refgeneros10` (`id_genero`),
  KEY `Refveredas262` (`id_vereda`)
) ENGINE=InnoDB DEFAULT CHARSET=utf8;

LOCK TABLES `habitantes` WRITE;
/*!40000 ALTER TABLE `habitantes` DISABLE KEYS */;

INSERT INTO `habitantes` (`id`, `no_cedula`, `nombres`, `apellidos`, `fecha_nacimiento`, `no_celular`, `correo_electronico`, `ocupacion`, `id_estado_civil`, `id_nivel_educativo`, `id_genero`, `id_vereda`, `cabeza_hogar`, `updated_at`, `created_at`, `id_parentesco`, `id_permanencia_predio`, `id_actividad_externa`, `id_actividad_predio`)
VALUES
	(1,'18263656','Oscar Javier','Olivos','2017-06-02','31146896345','ojolivos@gmail.com','Hogar',2,'2','1',NULL,1,'2017-06-17 00:15:17','2017-06-17 00:15:17',NULL,NULL,NULL,NULL),
	(2,'123456','Pepito','Prez','2017-06-02','45454545','fd@dfd.com','Todero',3,'3','2',NULL,1,'2017-06-17 00:30:47','2017-06-17 00:30:47',NULL,NULL,NULL,NULL);

/*!40000 ALTER TABLE `habitantes` ENABLE KEYS */;
UNLOCK TABLES;


# Volcado de tabla habitantes_viviendas
# ------------------------------------------------------------

DROP TABLE IF EXISTS `habitantes_viviendas`;

CREATE TABLE `habitantes_viviendas` (
  `id` int(11) NOT NULL AUTO_INCREMENT,
  `id_habitante` int(11) NOT NULL,
  `id_informacion` int(11) DEFAULT NULL,
  `updated_at` timestamp NULL DEFAULT NULL,
  `created_at` timestamp NULL DEFAULT NULL,
  `id_productivo` int(11) DEFAULT NULL,
  PRIMARY KEY (`id`),
  KEY `Refbeneficiarios80` (`id_habitante`),
  KEY `Refinformacion_viviendas81` (`id_informacion`)
) ENGINE=InnoDB DEFAULT CHARSET=utf8;

LOCK TABLES `habitantes_viviendas` WRITE;
/*!40000 ALTER TABLE `habitantes_viviendas` DISABLE KEYS */;

INSERT INTO `habitantes_viviendas` (`id`, `id_habitante`, `id_informacion`, `updated_at`, `created_at`, `id_productivo`)
VALUES
	(2,1,NULL,'2017-06-17 00:25:58','2017-06-17 00:25:58',1),
	(3,2,NULL,'2017-06-17 00:30:47','2017-06-17 00:30:47',1);

/*!40000 ALTER TABLE `habitantes_viviendas` ENABLE KEYS */;
UNLOCK TABLES;


# Volcado de tabla indicadores
# ------------------------------------------------------------

DROP TABLE IF EXISTS `indicadores`;

CREATE TABLE `indicadores` (
  `id` int(11) NOT NULL AUTO_INCREMENT,
  `hacinamiento` char(2) DEFAULT NULL,
  `saneamiento_basico` char(2) DEFAULT NULL,
  `condiciones_seguridad` char(2) DEFAULT NULL,
  `id_informacion` int(11) NOT NULL,
  `no_habitaciones` int(11) DEFAULT NULL,
  `no_personas_vivienda` int(11) DEFAULT NULL,
  PRIMARY KEY (`id`),
  KEY `Refinformacion_viviendas20` (`id_informacion`)
) ENGINE=InnoDB DEFAULT CHARSET=utf8;



# Volcado de tabla informacion_lotes
# ------------------------------------------------------------

DROP TABLE IF EXISTS `informacion_lotes`;

CREATE TABLE `informacion_lotes` (
  `id` int(11) NOT NULL AUTO_INCREMENT,
  `potrero_lote` varchar(300) NOT NULL,
  `extension_has` float(8,0) NOT NULL,
  `rotacional_dias_descanso` int(11) DEFAULT NULL,
  `rotacional_dias_ocupacion` float(8,0) DEFAULT NULL,
  `latitud` varchar(100) DEFAULT NULL,
  `longitud` varchar(100) DEFAULT NULL,
  `msnm` int(11) DEFAULT NULL,
  `id_info_productivo` int(11) NOT NULL,
  `id_subtipo_cobertura` int(11) NOT NULL,
  `created_at` timestamp NULL DEFAULT NULL,
  `updated_at` timestamp NULL DEFAULT NULL,
  `id_fuente_hidrica` int(11) NOT NULL,
  `uso` varchar(500) DEFAULT NULL,
  PRIMARY KEY (`id`),
  KEY `Refsubtipo_coberturas87` (`id_subtipo_cobertura`),
  KEY `Refinformacion_productivos40` (`id_info_productivo`)
) ENGINE=InnoDB DEFAULT CHARSET=utf8;

LOCK TABLES `informacion_lotes` WRITE;
/*!40000 ALTER TABLE `informacion_lotes` DISABLE KEYS */;

INSERT INTO `informacion_lotes` (`id`, `potrero_lote`, `extension_has`, `rotacional_dias_descanso`, `rotacional_dias_ocupacion`, `latitud`, `longitud`, `msnm`, `id_info_productivo`, `id_subtipo_cobertura`, `created_at`, `updated_at`, `id_fuente_hidrica`, `uso`)
VALUES
	(1,'Potrero 1',200,90,275,NULL,NULL,NULL,1,5,'2017-07-09 03:36:03','2017-07-09 03:36:03',4,'Varios'),
	(3,'Potrero 3',20,185,180,NULL,NULL,NULL,1,2,'2017-07-09 03:51:11','2017-07-09 03:51:11',5,'Palma');

/*!40000 ALTER TABLE `informacion_lotes` ENABLE KEYS */;
UNLOCK TABLES;


# Volcado de tabla informacion_productivos
# ------------------------------------------------------------

DROP TABLE IF EXISTS `informacion_productivos`;

CREATE TABLE `informacion_productivos` (
  `id` int(11) NOT NULL AUTO_INCREMENT,
  `consecutivo` int(11) NOT NULL,
  `fecha_encuesta` date NOT NULL,
  `distancia_carretera_predio_km` int(11) DEFAULT NULL,
  `nombre_cabeza_familia` varchar(100) DEFAULT '',
  `ruta_documento_tenencia_tierra` text,
  `anio_establecimiento` int(11) DEFAULT NULL,
  `extension_predio_has` float(8,0) DEFAULT NULL,
  `variedad_semilla` varchar(300) DEFAULT NULL,
  `densidad_siembra` varchar(300) DEFAULT NULL,
  `procedencia_semilla` varchar(300) DEFAULT NULL,
  `libre_pastoreo` varchar(50) DEFAULT NULL,
  `alterno` varchar(50) DEFAULT NULL,
  `no_potreros` varchar(50) DEFAULT NULL,
  `dias_descanso` int(11) DEFAULT NULL,
  `dias_ocupacion` int(11) DEFAULT NULL,
  `porquevender` text,
  `actividadduranteescases` text,
  `observaciones_proyecto` text,
  `id_tipo_proyecto` int(11) DEFAULT NULL,
  `id_tipo_tenencia` int(11) DEFAULT NULL,
  `id_usuario` int(11) NOT NULL,
  `responde_propietario` tinyint(1) NOT NULL,
  `no_familias_vivienda` int(11) NOT NULL,
  `beficiarios_prog_inv_social` tinyint(1) NOT NULL,
  `updated_at` timestamp NULL DEFAULT NULL,
  `created_at` timestamp NULL DEFAULT NULL,
  `id_predio` int(11) DEFAULT NULL,
  PRIMARY KEY (`id`),
  KEY `Reftipo_tenencia_tierras83` (`id_tipo_tenencia`),
  KEY `Reftipo_proyectos31` (`id_tipo_proyecto`),
  KEY `Refusuarios265` (`id_usuario`)
) ENGINE=InnoDB DEFAULT CHARSET=utf8;

LOCK TABLES `informacion_productivos` WRITE;
/*!40000 ALTER TABLE `informacion_productivos` DISABLE KEYS */;

INSERT INTO `informacion_productivos` (`id`, `consecutivo`, `fecha_encuesta`, `distancia_carretera_predio_km`, `nombre_cabeza_familia`, `ruta_documento_tenencia_tierra`, `anio_establecimiento`, `extension_predio_has`, `variedad_semilla`, `densidad_siembra`, `procedencia_semilla`, `libre_pastoreo`, `alterno`, `no_potreros`, `dias_descanso`, `dias_ocupacion`, `porquevender`, `actividadduranteescases`, `observaciones_proyecto`, `id_tipo_proyecto`, `id_tipo_tenencia`, `id_usuario`, `responde_propietario`, `no_familias_vivienda`, `beficiarios_prog_inv_social`, `updated_at`, `created_at`, `id_predio`)
VALUES
	(1,1,'2017-06-01',NULL,'',NULL,NULL,NULL,NULL,NULL,NULL,NULL,NULL,NULL,NULL,NULL,NULL,NULL,NULL,NULL,NULL,1,1,3,1,'2017-06-16 23:22:25','2017-06-16 22:17:36',1);

/*!40000 ALTER TABLE `informacion_productivos` ENABLE KEYS */;
UNLOCK TABLES;


# Volcado de tabla informacion_viviendas
# ------------------------------------------------------------

DROP TABLE IF EXISTS `informacion_viviendas`;

CREATE TABLE `informacion_viviendas` (
  `id` int(11) NOT NULL AUTO_INCREMENT,
  `consecutivo` varchar(11) NOT NULL,
  `fecha_encuesta` date NOT NULL,
  `responde_propietario` tinyint(1) NOT NULL DEFAULT '0',
  `observaciones_obras_realizar` text,
  `no_familias_vivienda` int(11) NOT NULL,
  `beficiarios_prog_inv_social` tinyint(1) NOT NULL DEFAULT '0',
  `id_predio` int(11) DEFAULT NULL,
  `id_distancia_m_rio_quebradas` int(11) DEFAULT NULL,
  `id_estados_viviendas` int(11) DEFAULT NULL,
  `id_usuario` int(11) NOT NULL,
  `updated_at` timestamp NULL DEFAULT NULL,
  `created_at` timestamp NULL DEFAULT NULL,
  PRIMARY KEY (`id`),
  KEY `Refpredios255` (`id_predio`),
  KEY `Refdistancia_m_rio_quebradas256` (`id_distancia_m_rio_quebradas`),
  KEY `Refestados_viviendas258` (`id_estados_viviendas`)
) ENGINE=InnoDB DEFAULT CHARSET=utf8;

LOCK TABLES `informacion_viviendas` WRITE;
/*!40000 ALTER TABLE `informacion_viviendas` DISABLE KEYS */;

INSERT INTO `informacion_viviendas` (`id`, `consecutivo`, `fecha_encuesta`, `responde_propietario`, `observaciones_obras_realizar`, `no_familias_vivienda`, `beficiarios_prog_inv_social`, `id_predio`, `id_distancia_m_rio_quebradas`, `id_estados_viviendas`, `id_usuario`, `updated_at`, `created_at`)
VALUES
	(1,'1','2017-06-01',1,NULL,3,1,NULL,NULL,NULL,1,'2017-06-16 20:09:45','2017-06-16 20:09:45'),
	(2,'2','2017-06-01',1,NULL,4,1,NULL,NULL,NULL,1,'2017-06-16 22:04:15','2017-06-16 22:04:15');

/*!40000 ALTER TABLE `informacion_viviendas` ENABLE KEYS */;
UNLOCK TABLES;


# Volcado de tabla insumos
# ------------------------------------------------------------

DROP TABLE IF EXISTS `insumos`;

CREATE TABLE `insumos` (
  `id` int(11) NOT NULL AUTO_INCREMENT,
  `insumo` varchar(50) NOT NULL,
  `id_unidad_producto` int(11) NOT NULL,
  PRIMARY KEY (`id`),
  KEY `Refunidad_productos126` (`id_unidad_producto`)
) ENGINE=InnoDB DEFAULT CHARSET=utf8;



# Volcado de tabla lineas_viviendas
# ------------------------------------------------------------

DROP TABLE IF EXISTS `lineas_viviendas`;

CREATE TABLE `lineas_viviendas` (
  `id` int(11) NOT NULL AUTO_INCREMENT,
  `linea_vivienda` varchar(50) NOT NULL,
  PRIMARY KEY (`id`)
) ENGINE=InnoDB DEFAULT CHARSET=utf8;



# Volcado de tabla manejo_mantenimientos
# ------------------------------------------------------------

DROP TABLE IF EXISTS `manejo_mantenimientos`;

CREATE TABLE `manejo_mantenimientos` (
  `id` int(11) NOT NULL AUTO_INCREMENT,
  `actividades_caracteristicas` varchar(500) NOT NULL,
  `frecuencia` varchar(100) NOT NULL,
  `mano_obra` int(11) NOT NULL,
  `id_componente` int(11) NOT NULL,
  `id_cultivo` int(11) NOT NULL,
  `id_informacion` int(11) NOT NULL,
  PRIMARY KEY (`id`),
  KEY `Refcomponente_manejo_mantenimientos101` (`id_componente`),
  KEY `Refcultivos259` (`id_cultivo`),
  KEY `Refinformacion_productivos260` (`id_informacion`)
) ENGINE=InnoDB DEFAULT CHARSET=utf8;



# Volcado de tabla manejo_praderas
# ------------------------------------------------------------

DROP TABLE IF EXISTS `manejo_praderas`;

CREATE TABLE `manejo_praderas` (
  `id` int(11) NOT NULL AUTO_INCREMENT,
  `porcentaje` float(8,0) NOT NULL,
  `id_info_productivo` int(11) NOT NULL,
  `id_subtipo_cobertura` int(11) NOT NULL,
  PRIMARY KEY (`id`),
  KEY `Refinformacion_productivos60` (`id_info_productivo`),
  KEY `Refsubtipo_cobertura61` (`id_subtipo_cobertura`)
) ENGINE=InnoDB DEFAULT CHARSET=utf8;



# Volcado de tabla materiales_puertas
# ------------------------------------------------------------

DROP TABLE IF EXISTS `materiales_puertas`;

CREATE TABLE `materiales_puertas` (
  `id` int(11) NOT NULL AUTO_INCREMENT,
  `material_puertas` varchar(100) NOT NULL,
  PRIMARY KEY (`id`)
) ENGINE=InnoDB DEFAULT CHARSET=utf8;

LOCK TABLES `materiales_puertas` WRITE;
/*!40000 ALTER TABLE `materiales_puertas` DISABLE KEYS */;

INSERT INTO `materiales_puertas` (`id`, `material_puertas`)
VALUES
	(1,'Lámina cold rolled'),
	(2,'Madera'),
	(3,'Aluminio'),
	(4,'Lámina de superboard'),
	(5,'Eterboard'),
	(6,'Plástica'),
	(7,'Otro');

/*!40000 ALTER TABLE `materiales_puertas` ENABLE KEYS */;
UNLOCK TABLES;


# Volcado de tabla materiales_tanques_elevados
# ------------------------------------------------------------

DROP TABLE IF EXISTS `materiales_tanques_elevados`;

CREATE TABLE `materiales_tanques_elevados` (
  `id` int(11) NOT NULL AUTO_INCREMENT,
  `material_tanque_elevado` varchar(100) NOT NULL,
  PRIMARY KEY (`id`)
) ENGINE=InnoDB DEFAULT CHARSET=utf8;

LOCK TABLES `materiales_tanques_elevados` WRITE;
/*!40000 ALTER TABLE `materiales_tanques_elevados` DISABLE KEYS */;

INSERT INTO `materiales_tanques_elevados` (`id`, `material_tanque_elevado`)
VALUES
	(1,'Plástico'),
	(2,'Eternit'),
	(3,'Fibra de vidrio'),
	(4,'Concreto rústico'),
	(5,'Concreto esmaltado'),
	(6,'Concreto enchapado'),
	(7,'Ninguno');

/*!40000 ALTER TABLE `materiales_tanques_elevados` ENABLE KEYS */;
UNLOCK TABLES;


# Volcado de tabla materiales_tanques_lavaderos
# ------------------------------------------------------------

DROP TABLE IF EXISTS `materiales_tanques_lavaderos`;

CREATE TABLE `materiales_tanques_lavaderos` (
  `id` int(11) NOT NULL AUTO_INCREMENT,
  `material_tanque_lavadero` varchar(100) NOT NULL,
  PRIMARY KEY (`id`)
) ENGINE=InnoDB DEFAULT CHARSET=utf8;

LOCK TABLES `materiales_tanques_lavaderos` WRITE;
/*!40000 ALTER TABLE `materiales_tanques_lavaderos` DISABLE KEYS */;

INSERT INTO `materiales_tanques_lavaderos` (`id`, `material_tanque_lavadero`)
VALUES
	(1,'Bloque'),
	(2,'Ladrillo'),
	(3,'Concreto prefabricado'),
	(4,'Otro'),
	(5,'Ninguno');

/*!40000 ALTER TABLE `materiales_tanques_lavaderos` ENABLE KEYS */;
UNLOCK TABLES;


# Volcado de tabla materiales_ventanas
# ------------------------------------------------------------

DROP TABLE IF EXISTS `materiales_ventanas`;

CREATE TABLE `materiales_ventanas` (
  `id` int(11) NOT NULL AUTO_INCREMENT,
  `material_ventanas` varchar(100) NOT NULL,
  PRIMARY KEY (`id`)
) ENGINE=InnoDB DEFAULT CHARSET=utf8;

LOCK TABLES `materiales_ventanas` WRITE;
/*!40000 ALTER TABLE `materiales_ventanas` DISABLE KEYS */;

INSERT INTO `materiales_ventanas` (`id`, `material_ventanas`)
VALUES
	(1,'Lámina cold rolled'),
	(2,'Madera'),
	(3,'Aluminio'),
	(4,'Lámina de superboard'),
	(5,'Etherboard'),
	(6,'Plástico'),
	(7,'Otro'),
	(8,'Ninguno');

/*!40000 ALTER TABLE `materiales_ventanas` ENABLE KEYS */;
UNLOCK TABLES;


# Volcado de tabla matriz_cultivos
# ------------------------------------------------------------

DROP TABLE IF EXISTS `matriz_cultivos`;

CREATE TABLE `matriz_cultivos` (
  `id` int(11) NOT NULL AUTO_INCREMENT,
  `id_actividad_cultivo` int(11) NOT NULL,
  `id_mes` int(11) NOT NULL,
  `id_cultivo` int(11) NOT NULL,
  `created_at` timestamp NULL DEFAULT NULL,
  `updated_at` timestamp NULL DEFAULT NULL,
  PRIMARY KEY (`id`),
  KEY `Refcultivos248` (`id_cultivo`),
  KEY `Refactividad_cultivos41` (`id_actividad_cultivo`),
  KEY `Refmeses42` (`id_mes`)
) ENGINE=InnoDB DEFAULT CHARSET=utf8;

LOCK TABLES `matriz_cultivos` WRITE;
/*!40000 ALTER TABLE `matriz_cultivos` DISABLE KEYS */;

INSERT INTO `matriz_cultivos` (`id`, `id_actividad_cultivo`, `id_mes`, `id_cultivo`, `created_at`, `updated_at`)
VALUES
	(44,1,1,2,'2017-07-12 22:19:52','2017-07-12 22:19:52'),
	(45,2,2,2,'2017-07-12 22:19:52','2017-07-12 22:19:52'),
	(46,3,3,2,'2017-07-12 22:19:52','2017-07-12 22:19:52'),
	(47,4,4,2,'2017-07-12 22:19:52','2017-07-12 22:19:52'),
	(48,4,5,2,'2017-07-12 22:19:52','2017-07-12 22:19:52'),
	(49,4,6,2,'2017-07-12 22:19:52','2017-07-12 22:19:52'),
	(50,5,11,2,'2017-07-12 22:19:52','2017-07-12 22:19:52'),
	(51,5,12,2,'2017-07-12 22:19:52','2017-07-12 22:19:52'),
	(97,1,1,1,'2017-07-12 22:37:53','2017-07-12 22:37:53'),
	(98,2,2,1,'2017-07-12 22:37:53','2017-07-12 22:37:53'),
	(99,3,3,1,'2017-07-12 22:37:53','2017-07-12 22:37:53'),
	(100,4,4,1,'2017-07-12 22:37:53','2017-07-12 22:37:53'),
	(101,5,11,1,'2017-07-12 22:37:53','2017-07-12 22:37:53'),
	(102,5,12,1,'2017-07-12 22:37:53','2017-07-12 22:37:53'),
	(103,1,1,3,'2017-07-12 22:40:26','2017-07-12 22:40:26'),
	(104,2,2,3,'2017-07-12 22:40:26','2017-07-12 22:40:26'),
	(105,3,3,3,'2017-07-12 22:40:26','2017-07-12 22:40:26'),
	(106,4,4,3,'2017-07-12 22:40:26','2017-07-12 22:40:26'),
	(107,4,9,3,'2017-07-12 22:40:26','2017-07-12 22:40:26'),
	(108,4,10,3,'2017-07-12 22:40:26','2017-07-12 22:40:26'),
	(109,4,11,3,'2017-07-12 22:40:26','2017-07-12 22:40:26'),
	(110,5,11,3,'2017-07-12 22:40:26','2017-07-12 22:40:26'),
	(111,5,12,3,'2017-07-12 22:40:26','2017-07-12 22:40:26'),
	(112,1,1,4,'2017-07-15 17:56:35','2017-07-15 17:56:35'),
	(113,2,2,4,'2017-07-15 17:56:35','2017-07-15 17:56:35'),
	(114,3,3,4,'2017-07-15 17:56:35','2017-07-15 17:56:35'),
	(115,4,4,4,'2017-07-15 17:56:35','2017-07-15 17:56:35'),
	(116,4,11,4,'2017-07-15 17:56:35','2017-07-15 17:56:35'),
	(117,5,6,4,'2017-07-15 17:56:35','2017-07-15 17:56:35'),
	(118,5,10,4,'2017-07-15 17:56:35','2017-07-15 17:56:35'),
	(133,1,1,5,'2017-07-15 18:09:31','2017-07-15 18:09:31'),
	(134,2,2,5,'2017-07-15 18:09:31','2017-07-15 18:09:31'),
	(135,3,3,5,'2017-07-15 18:09:31','2017-07-15 18:09:31'),
	(136,4,4,5,'2017-07-15 18:09:31','2017-07-15 18:09:31'),
	(137,4,11,5,'2017-07-15 18:09:31','2017-07-15 18:09:31'),
	(138,5,6,5,'2017-07-15 18:09:31','2017-07-15 18:09:31'),
	(139,5,10,5,'2017-07-15 18:09:31','2017-07-15 18:09:31');

/*!40000 ALTER TABLE `matriz_cultivos` ENABLE KEYS */;
UNLOCK TABLES;


# Volcado de tabla medios_comunicaciones
# ------------------------------------------------------------

DROP TABLE IF EXISTS `medios_comunicaciones`;

CREATE TABLE `medios_comunicaciones` (
  `id` int(11) NOT NULL AUTO_INCREMENT,
  `medio_comunicacion` varchar(100) NOT NULL,
  PRIMARY KEY (`id`)
) ENGINE=InnoDB DEFAULT CHARSET=utf8;

LOCK TABLES `medios_comunicaciones` WRITE;
/*!40000 ALTER TABLE `medios_comunicaciones` DISABLE KEYS */;

INSERT INTO `medios_comunicaciones` (`id`, `medio_comunicacion`)
VALUES
	(1,'Internet'),
	(2,'Celular'),
	(3,'Televisión'),
	(4,'Radio'),
	(5,'Teléfono fijo'),
	(6,'Otro'),
	(7,'Ninguno');

/*!40000 ALTER TABLE `medios_comunicaciones` ENABLE KEYS */;
UNLOCK TABLES;


# Volcado de tabla meses
# ------------------------------------------------------------

DROP TABLE IF EXISTS `meses`;

CREATE TABLE `meses` (
  `id` int(11) NOT NULL AUTO_INCREMENT,
  `mes` varchar(30) NOT NULL,
  PRIMARY KEY (`id`)
) ENGINE=InnoDB DEFAULT CHARSET=utf8;

LOCK TABLES `meses` WRITE;
/*!40000 ALTER TABLE `meses` DISABLE KEYS */;

INSERT INTO `meses` (`id`, `mes`)
VALUES
	(1,'Enero'),
	(2,'Febrero'),
	(3,'Marzo'),
	(4,'Abril'),
	(5,'Mayo'),
	(6,'Junio'),
	(7,'Julio'),
	(8,'Agosto'),
	(9,'Septiembre'),
	(10,'Octubre'),
	(11,'Noviembre'),
	(12,'Diciembre');

/*!40000 ALTER TABLE `meses` ENABLE KEYS */;
UNLOCK TABLES;


# Volcado de tabla metodo_reproducciones
# ------------------------------------------------------------

DROP TABLE IF EXISTS `metodo_reproducciones`;

CREATE TABLE `metodo_reproducciones` (
  `id` int(11) NOT NULL AUTO_INCREMENT,
  `metodo_reproduccion` varchar(50) NOT NULL,
  PRIMARY KEY (`id`)
) ENGINE=InnoDB DEFAULT CHARSET=utf8;

LOCK TABLES `metodo_reproducciones` WRITE;
/*!40000 ALTER TABLE `metodo_reproducciones` DISABLE KEYS */;

INSERT INTO `metodo_reproducciones` (`id`, `metodo_reproduccion`)
VALUES
	(1,'Inseminación artificial'),
	(2,'Reproducción sexual');

/*!40000 ALTER TABLE `metodo_reproducciones` ENABLE KEYS */;
UNLOCK TABLES;


# Volcado de tabla metodos_disposicion_basuras
# ------------------------------------------------------------

DROP TABLE IF EXISTS `metodos_disposicion_basuras`;

CREATE TABLE `metodos_disposicion_basuras` (
  `id` int(11) NOT NULL AUTO_INCREMENT,
  `metodos_disposicion` varchar(100) NOT NULL,
  PRIMARY KEY (`id`)
) ENGINE=InnoDB DEFAULT CHARSET=utf8;

LOCK TABLES `metodos_disposicion_basuras` WRITE;
/*!40000 ALTER TABLE `metodos_disposicion_basuras` DISABLE KEYS */;

INSERT INTO `metodos_disposicion_basuras` (`id`, `metodos_disposicion`)
VALUES
	(1,'Microrelleno'),
	(2,'Botadero'),
	(3,'Reciclaje'),
	(4,'Se quema'),
	(5,'Se entierra'),
	(6,'Alimento para animales'),
	(7,'Se utiliza como abono'),
	(8,'Es lanzada al bosque'),
	(9,'Es lanzada al rio / quebrada');

/*!40000 ALTER TABLE `metodos_disposicion_basuras` ENABLE KEYS */;
UNLOCK TABLES;


# Volcado de tabla municipios
# ------------------------------------------------------------

DROP TABLE IF EXISTS `municipios`;

CREATE TABLE `municipios` (
  `id` int(11) NOT NULL,
  `municipio` varchar(100) NOT NULL,
  `id_departamento` int(11) NOT NULL,
  PRIMARY KEY (`id`),
  KEY `Refdepartamentos252` (`id_departamento`)
) ENGINE=InnoDB DEFAULT CHARSET=utf8;

LOCK TABLES `municipios` WRITE;
/*!40000 ALTER TABLE `municipios` DISABLE KEYS */;

INSERT INTO `municipios` (`id`, `municipio`, `id_departamento`)
VALUES
	(85001,'Yopal',85),
	(85010,'Aguazul',85),
	(85015,'Chámeza',85),
	(85125,'Hato Corozal',85),
	(85136,'La Salina',85),
	(85139,'Maní',85),
	(85162,'Monterrey',85),
	(85225,'Nunchía',85),
	(85230,'Orocué',85),
	(85250,'Paz de Ariporo',85),
	(85263,'Pore',85),
	(85279,'Recetor',85),
	(85300,'Sabanalarga',85),
	(85315,'Sácama',85),
	(85325,'San Luis de Palenque',85),
	(85400,'Támara',85),
	(85410,'Tauramena',85),
	(85430,'Trinidad',85),
	(85440,'Villanueva',85);

/*!40000 ALTER TABLE `municipios` ENABLE KEYS */;
UNLOCK TABLES;


# Volcado de tabla nivel_educativos
# ------------------------------------------------------------

DROP TABLE IF EXISTS `nivel_educativos`;

CREATE TABLE `nivel_educativos` (
  `id` int(11) NOT NULL AUTO_INCREMENT,
  `abreviatura` char(1) NOT NULL DEFAULT '',
  `nivel_educativo` varchar(50) NOT NULL,
  PRIMARY KEY (`id`)
) ENGINE=InnoDB DEFAULT CHARSET=utf8;

LOCK TABLES `nivel_educativos` WRITE;
/*!40000 ALTER TABLE `nivel_educativos` DISABLE KEYS */;

INSERT INTO `nivel_educativos` (`id`, `abreviatura`, `nivel_educativo`)
VALUES
	(1,'N','Ninguno'),
	(2,'P','Primaria'),
	(3,'S','Secundaria'),
	(4,'T','Técnica/Tecnología'),
	(5,'U','Universitario');

/*!40000 ALTER TABLE `nivel_educativos` ENABLE KEYS */;
UNLOCK TABLES;


# Volcado de tabla opcion_tenencia_tierras
# ------------------------------------------------------------

DROP TABLE IF EXISTS `opcion_tenencia_tierras`;

CREATE TABLE `opcion_tenencia_tierras` (
  `id` int(11) NOT NULL AUTO_INCREMENT,
  `opcion_tenencia` varchar(50) NOT NULL,
  PRIMARY KEY (`id`)
) ENGINE=InnoDB DEFAULT CHARSET=utf8;

LOCK TABLES `opcion_tenencia_tierras` WRITE;
/*!40000 ALTER TABLE `opcion_tenencia_tierras` DISABLE KEYS */;

INSERT INTO `opcion_tenencia_tierras` (`id`, `opcion_tenencia`)
VALUES
	(1,'Escritura'),
	(2,'Resolución de Incora'),
	(3,'Documento de compraventa'),
	(4,'Otro');

/*!40000 ALTER TABLE `opcion_tenencia_tierras` ENABLE KEYS */;
UNLOCK TABLES;


# Volcado de tabla orden_servicios
# ------------------------------------------------------------

DROP TABLE IF EXISTS `orden_servicios`;

CREATE TABLE `orden_servicios` (
  `id` int(11) NOT NULL AUTO_INCREMENT,
  `consecutivo` varchar(50) NOT NULL DEFAULT '',
  `observaciones` varchar(200) CHARACTER SET utf8 NOT NULL DEFAULT '',
  `presupuesto` double(11,0) NOT NULL DEFAULT '0',
  `estado` tinyint(1) NOT NULL DEFAULT '1',
  `id_usuario` int(11) NOT NULL,
  `fecha_inicio` date NOT NULL,
  `objeto` varchar(1000) CHARACTER SET utf8 NOT NULL DEFAULT '',
  `fecha_final` date NOT NULL,
  `updated_at` timestamp NULL DEFAULT NULL,
  `created_at` timestamp NULL DEFAULT NULL,
  PRIMARY KEY (`id`)
) ENGINE=InnoDB DEFAULT CHARSET=latin1;

LOCK TABLES `orden_servicios` WRITE;
/*!40000 ALTER TABLE `orden_servicios` DISABLE KEYS */;

INSERT INTO `orden_servicios` (`id`, `consecutivo`, `observaciones`, `presupuesto`, `estado`, `id_usuario`, `fecha_inicio`, `objeto`, `fecha_final`, `updated_at`, `created_at`)
VALUES
	(1,'XNP-0003243-XXX','Orden de Servicio',300000000,1,1,'2017-05-05','XNP-0003243','0000-00-00','2017-05-13 17:04:35',NULL);

/*!40000 ALTER TABLE `orden_servicios` ENABLE KEYS */;
UNLOCK TABLES;


# Volcado de tabla parentescos
# ------------------------------------------------------------

DROP TABLE IF EXISTS `parentescos`;

CREATE TABLE `parentescos` (
  `id` int(11) NOT NULL AUTO_INCREMENT,
  `parentesco` varchar(50) NOT NULL,
  PRIMARY KEY (`id`)
) ENGINE=InnoDB DEFAULT CHARSET=utf8;

LOCK TABLES `parentescos` WRITE;
/*!40000 ALTER TABLE `parentescos` DISABLE KEYS */;

INSERT INTO `parentescos` (`id`, `parentesco`)
VALUES
	(1,'Hijo(a)'),
	(2,'Madre'),
	(3,'Padre'),
	(4,'Sobrino(a)'),
	(5,'Nieto(a)'),
	(6,'Abuelo(a)'),
	(7,'Tío(a)'),
	(8,'Primo(a)');

/*!40000 ALTER TABLE `parentescos` ENABLE KEYS */;
UNLOCK TABLES;


# Volcado de tabla perfiles
# ------------------------------------------------------------

DROP TABLE IF EXISTS `perfiles`;

CREATE TABLE `perfiles` (
  `id` int(11) NOT NULL AUTO_INCREMENT,
  `perfil` varchar(30) NOT NULL,
  PRIMARY KEY (`id`)
) ENGINE=InnoDB DEFAULT CHARSET=utf8;

LOCK TABLES `perfiles` WRITE;
/*!40000 ALTER TABLE `perfiles` DISABLE KEYS */;

INSERT INTO `perfiles` (`id`, `perfil`)
VALUES
	(1,'Administrador'),
	(2,'Vivienda'),
	(3,'Productivos'),
	(4,'Informes');

/*!40000 ALTER TABLE `perfiles` ENABLE KEYS */;
UNLOCK TABLES;


# Volcado de tabla permanencias
# ------------------------------------------------------------

DROP TABLE IF EXISTS `permanencias`;

CREATE TABLE `permanencias` (
  `id` int(11) NOT NULL AUTO_INCREMENT,
  `permanencia` varchar(100) NOT NULL,
  PRIMARY KEY (`id`)
) ENGINE=InnoDB DEFAULT CHARSET=utf8;

LOCK TABLES `permanencias` WRITE;
/*!40000 ALTER TABLE `permanencias` DISABLE KEYS */;

INSERT INTO `permanencias` (`id`, `permanencia`)
VALUES
	(1,'Permanente: 10 - 12 meses'),
	(2,'Temporal: 5 - 9 meses'),
	(3,'Esporádico: 1 - 4 meses');

/*!40000 ALTER TABLE `permanencias` ENABLE KEYS */;
UNLOCK TABLES;


# Volcado de tabla personas_cargos
# ------------------------------------------------------------

DROP TABLE IF EXISTS `personas_cargos`;

CREATE TABLE `personas_cargos` (
  `id` int(11) NOT NULL AUTO_INCREMENT,
  `fecha_nacimiento` date NOT NULL,
  `observaciones` text,
  `id_informacion` int(11) NOT NULL,
  `id_genero` char(1) NOT NULL,
  `id_nivel_educativo` char(1) NOT NULL,
  `id_tipo` int(11) NOT NULL,
  `updated_at` timestamp NULL DEFAULT NULL,
  `created_at` timestamp NULL DEFAULT NULL,
  PRIMARY KEY (`id`),
  KEY `Refinformacion_viviendas8` (`id_informacion`),
  KEY `Refgeneros9` (`id_genero`),
  KEY `Refnivel_educativos11` (`id_nivel_educativo`),
  KEY `Reftipo_personas_cargos12` (`id_tipo`)
) ENGINE=InnoDB DEFAULT CHARSET=utf8;

LOCK TABLES `personas_cargos` WRITE;
/*!40000 ALTER TABLE `personas_cargos` DISABLE KEYS */;

INSERT INTO `personas_cargos` (`id`, `fecha_nacimiento`, `observaciones`, `id_informacion`, `id_genero`, `id_nivel_educativo`, `id_tipo`, `updated_at`, `created_at`)
VALUES
	(2,'2010-02-03','Ninguna',3,'1','3',1,'2017-02-05 01:08:41','2017-02-05 01:08:41'),
	(3,'1960-02-17','Ninguna',3,'1','2',2,'2017-02-05 01:09:43','2017-02-05 01:09:43');

/*!40000 ALTER TABLE `personas_cargos` ENABLE KEYS */;
UNLOCK TABLES;


# Volcado de tabla practicas_manejo_praderas
# ------------------------------------------------------------

DROP TABLE IF EXISTS `practicas_manejo_praderas`;

CREATE TABLE `practicas_manejo_praderas` (
  `id` int(11) NOT NULL AUTO_INCREMENT,
  `practica_manejo_pradera` varchar(50) NOT NULL,
  PRIMARY KEY (`id`)
) ENGINE=InnoDB DEFAULT CHARSET=utf8;

LOCK TABLES `practicas_manejo_praderas` WRITE;
/*!40000 ALTER TABLE `practicas_manejo_praderas` DISABLE KEYS */;

INSERT INTO `practicas_manejo_praderas` (`id`, `practica_manejo_pradera`)
VALUES
	(1,'Fertilización'),
	(2,'Control de malezas');

/*!40000 ALTER TABLE `practicas_manejo_praderas` ENABLE KEYS */;
UNLOCK TABLES;


# Volcado de tabla predios
# ------------------------------------------------------------

DROP TABLE IF EXISTS `predios`;

CREATE TABLE `predios` (
  `id` int(11) NOT NULL AUTO_INCREMENT,
  `nombre_predio` varchar(200) NOT NULL,
  `direccion` varchar(200) NOT NULL,
  `latitud` varchar(100) DEFAULT NULL,
  `longitud` varchar(100) DEFAULT NULL,
  `msnm` int(11) DEFAULT NULL,
  `id_vereda` int(11) DEFAULT NULL,
  `created_at` timestamp NULL DEFAULT NULL,
  `updated_at` timestamp NULL DEFAULT NULL,
  PRIMARY KEY (`id`)
) ENGINE=InnoDB DEFAULT CHARSET=utf8;

LOCK TABLES `predios` WRITE;
/*!40000 ALTER TABLE `predios` DISABLE KEYS */;

INSERT INTO `predios` (`id`, `nombre_predio`, `direccion`, `latitud`, `longitud`, `msnm`, `id_vereda`, `created_at`, `updated_at`)
VALUES
	(1,'La corocora 2','Morichal Valey','5.73434','-72.878',450,NULL,'2017-06-16 23:22:25','2017-06-16 23:38:03');

/*!40000 ALTER TABLE `predios` ENABLE KEYS */;
UNLOCK TABLES;


# Volcado de tabla preparacion_siembras
# ------------------------------------------------------------

DROP TABLE IF EXISTS `preparacion_siembras`;

CREATE TABLE `preparacion_siembras` (
  `id` int(11) NOT NULL AUTO_INCREMENT,
  `actividades_caracteristicas` varchar(300) DEFAULT NULL,
  `mano_obra` int(11) DEFAULT NULL,
  `id_cultivo` int(11) NOT NULL,
  `id_componente` int(11) NOT NULL,
  PRIMARY KEY (`id`),
  KEY `Refcultivos230` (`id_cultivo`),
  KEY `Refcomponente_prep_siembras231` (`id_componente`)
) ENGINE=InnoDB DEFAULT CHARSET=utf8;



# Volcado de tabla presupuesto
# ------------------------------------------------------------

DROP TABLE IF EXISTS `presupuesto`;

CREATE TABLE `presupuesto` (
  `id` int(11) NOT NULL AUTO_INCREMENT,
  `anio` varchar(4) NOT NULL,
  `vr_aprobado` int(11) NOT NULL,
  `id_tipo_subsidio` int(11) NOT NULL,
  PRIMARY KEY (`id`)
) ENGINE=InnoDB DEFAULT CHARSET=latin1;



# Volcado de tabla procedencias_semillas
# ------------------------------------------------------------

DROP TABLE IF EXISTS `procedencias_semillas`;

CREATE TABLE `procedencias_semillas` (
  `id` int(11) NOT NULL AUTO_INCREMENT,
  `procedencia_semilla` varchar(100) NOT NULL,
  PRIMARY KEY (`id`)
) ENGINE=InnoDB DEFAULT CHARSET=utf8;

LOCK TABLES `procedencias_semillas` WRITE;
/*!40000 ALTER TABLE `procedencias_semillas` DISABLE KEYS */;

INSERT INTO `procedencias_semillas` (`id`, `procedencia_semilla`)
VALUES
	(1,'Ica');

/*!40000 ALTER TABLE `procedencias_semillas` ENABLE KEYS */;
UNLOCK TABLES;


# Volcado de tabla produccion_aves
# ------------------------------------------------------------

DROP TABLE IF EXISTS `produccion_aves`;

CREATE TABLE `produccion_aves` (
  `id` int(11) NOT NULL AUTO_INCREMENT,
  `cantidad_polluelos` int(11) NOT NULL,
  `cantidad_ponedoras` int(11) NOT NULL,
  `cantidad_huevos` int(11) NOT NULL,
  `kg_comida` int(11) NOT NULL,
  `observaciones` text,
  `id_produccion_aves` int(11) NOT NULL,
  `id_info_productivo` int(11) NOT NULL,
  `id_estado_instalaciones` int(11) NOT NULL,
  `id_tipo_aves` int(11) NOT NULL,
  `id_tipo_corral` int(11) NOT NULL,
  PRIMARY KEY (`id`),
  KEY `Reftipo_producciones136` (`id_produccion_aves`),
  KEY `Refinformacion_productivos137` (`id_info_productivo`),
  KEY `Refestado_instalaciones138` (`id_estado_instalaciones`),
  KEY `Reftipo_aves243` (`id_tipo_aves`),
  KEY `Reftipo_corrales274` (`id_tipo_corral`)
) ENGINE=InnoDB DEFAULT CHARSET=utf8;



# Volcado de tabla produccion_bovinos
# ------------------------------------------------------------

DROP TABLE IF EXISTS `produccion_bovinos`;

CREATE TABLE `produccion_bovinos` (
  `id` int(11) NOT NULL AUTO_INCREMENT,
  `cantidad_animales` int(11) DEFAULT NULL,
  `id_info_productivo` int(11) NOT NULL,
  `id_sitio_venta` int(11) NOT NULL,
  `id_tipo_bovino` int(11) NOT NULL,
  PRIMARY KEY (`id`),
  KEY `Refinformacion_productivos69` (`id_info_productivo`),
  KEY `Refsitio_ventas251` (`id_sitio_venta`),
  KEY `Reftipo_bovinos270` (`id_tipo_bovino`)
) ENGINE=InnoDB DEFAULT CHARSET=utf8;



# Volcado de tabla produccion_cerdos
# ------------------------------------------------------------

DROP TABLE IF EXISTS `produccion_cerdos`;

CREATE TABLE `produccion_cerdos` (
  `id` int(11) NOT NULL AUTO_INCREMENT,
  `kg_comida` int(11) NOT NULL,
  `kg_producidos` int(11) NOT NULL,
  `cantidad_animales` int(11) NOT NULL,
  `observaciones` text,
  `id_info_productivo` int(11) NOT NULL,
  `id_estado_instalaciones` int(11) NOT NULL,
  `id_tipo_produccion` int(11) NOT NULL,
  `id_tipo_corral` int(11) NOT NULL,
  `id_metodo_reproduccion` int(11) NOT NULL,
  PRIMARY KEY (`id`),
  KEY `Refinformacion_productivos143` (`id_info_productivo`),
  KEY `Refestado_instalaciones144` (`id_estado_instalaciones`),
  KEY `Reftipo_producciones244` (`id_tipo_produccion`),
  KEY `Reftipo_corrales273` (`id_tipo_corral`),
  KEY `Refmetodo_reproducciones275` (`id_metodo_reproduccion`)
) ENGINE=InnoDB DEFAULT CHARSET=utf8;



# Volcado de tabla produccion_especies_menores
# ------------------------------------------------------------

DROP TABLE IF EXISTS `produccion_especies_menores`;

CREATE TABLE `produccion_especies_menores` (
  `id` int(11) NOT NULL AUTO_INCREMENT,
  `especie` varchar(50) NOT NULL,
  `cantidad_animales` int(11) NOT NULL,
  `observaciones` text,
  `id_info_productivo` int(11) NOT NULL,
  PRIMARY KEY (`id`),
  KEY `Refinformacion_productivos146` (`id_info_productivo`)
) ENGINE=InnoDB DEFAULT CHARSET=utf8;



# Volcado de tabla produccion_peces
# ------------------------------------------------------------

DROP TABLE IF EXISTS `produccion_peces`;

CREATE TABLE `produccion_peces` (
  `id` int(11) NOT NULL AUTO_INCREMENT,
  `cantidad_estanques` int(11) NOT NULL,
  `kg_comida` int(11) NOT NULL,
  `kg_producidos` int(11) NOT NULL,
  `observaciones` text,
  `id_especie` int(11) NOT NULL,
  `id_info_productivo` int(11) NOT NULL,
  `id_tipo_produccion` int(11) NOT NULL,
  PRIMARY KEY (`id`),
  KEY `Refespecie_peces139` (`id_especie`),
  KEY `Refinformacion_productivos140` (`id_info_productivo`),
  KEY `Reftipo_producciones276` (`id_tipo_produccion`)
) ENGINE=InnoDB DEFAULT CHARSET=utf8;



# Volcado de tabla productos_actividades_animales
# ------------------------------------------------------------

DROP TABLE IF EXISTS `productos_actividades_animales`;

CREATE TABLE `productos_actividades_animales` (
  `id` int(11) NOT NULL AUTO_INCREMENT,
  `producto_actividad` varchar(100) NOT NULL,
  `id_unidad_producto` int(11) NOT NULL,
  PRIMARY KEY (`id`),
  KEY `Refunidad_productos269` (`id_unidad_producto`)
) ENGINE=InnoDB DEFAULT CHARSET=utf8;



# Volcado de tabla productos_ventas
# ------------------------------------------------------------

DROP TABLE IF EXISTS `productos_ventas`;

CREATE TABLE `productos_ventas` (
  `id` int(11) NOT NULL AUTO_INCREMENT,
  `cantidad_produccion` float(8,0) DEFAULT NULL,
  `cantidad_autoconsumo` float(8,0) NOT NULL,
  `cantidad_venta` float(8,0) NOT NULL,
  `cantidad_primera_calidad` int(11) NOT NULL,
  `cantidad_segunda_calidad` int(11) NOT NULL,
  `cantidad_tercera_calidad` int(11) NOT NULL,
  `id_mes` int(11) NOT NULL,
  `id_cultivo` int(11) NOT NULL,
  `created_at` timestamp NULL DEFAULT NULL,
  `updated_at` timestamp NULL DEFAULT NULL,
  PRIMARY KEY (`id`),
  KEY `Refcultivos250` (`id_cultivo`),
  KEY `Refmeses50` (`id_mes`)
) ENGINE=InnoDB DEFAULT CHARSET=utf8;

LOCK TABLES `productos_ventas` WRITE;
/*!40000 ALTER TABLE `productos_ventas` DISABLE KEYS */;

INSERT INTO `productos_ventas` (`id`, `cantidad_produccion`, `cantidad_autoconsumo`, `cantidad_venta`, `cantidad_primera_calidad`, `cantidad_segunda_calidad`, `cantidad_tercera_calidad`, `id_mes`, `id_cultivo`, `created_at`, `updated_at`)
VALUES
	(1,NULL,20,50,10,10,50,1,1,'2017-07-18 22:07:26','2017-07-18 22:07:26'),
	(2,NULL,10,50,40,10,10,2,1,'2017-07-18 22:08:07','2017-07-18 22:08:07'),
	(3,NULL,30,500,500,20,10,7,1,'2017-07-18 22:19:57','2017-07-18 22:19:57');

/*!40000 ALTER TABLE `productos_ventas` ENABLE KEYS */;
UNLOCK TABLES;


# Volcado de tabla propietarios_predios
# ------------------------------------------------------------

DROP TABLE IF EXISTS `propietarios_predios`;

CREATE TABLE `propietarios_predios` (
  `id` int(11) NOT NULL AUTO_INCREMENT,
  `no_cedula` varchar(25) NOT NULL,
  `nombres_propietario` varchar(200) NOT NULL,
  `apellidos_propietario` varchar(200) NOT NULL,
  `no_telefonico` varchar(50) NOT NULL,
  `id_predio` int(11) NOT NULL,
  `created_at` timestamp NULL DEFAULT NULL,
  `updated_at` timestamp NULL DEFAULT NULL,
  PRIMARY KEY (`id`),
  KEY `Refpredios158` (`id_predio`)
) ENGINE=InnoDB DEFAULT CHARSET=utf8;

LOCK TABLES `propietarios_predios` WRITE;
/*!40000 ALTER TABLE `propietarios_predios` DISABLE KEYS */;

INSERT INTO `propietarios_predios` (`id`, `no_cedula`, `nombres_propietario`, `apellidos_propietario`, `no_telefonico`, `id_predio`, `created_at`, `updated_at`)
VALUES
	(5,'18263656','OSCAR JAVIER','OLIVOS','3114689645',5,'2017-02-24 22:34:43','2017-02-24 22:34:43'),
	(6,'xx','xxxx','xxx','xxx',6,'2017-03-21 18:43:13','2017-03-21 18:43:13'),
	(7,'','','','',1,'2017-06-16 23:22:25','2017-06-16 23:22:25');

/*!40000 ALTER TABLE `propietarios_predios` ENABLE KEYS */;
UNLOCK TABLES;


# Volcado de tabla razas
# ------------------------------------------------------------

DROP TABLE IF EXISTS `razas`;

CREATE TABLE `razas` (
  `id` int(11) NOT NULL AUTO_INCREMENT,
  `raza` varchar(100) NOT NULL,
  PRIMARY KEY (`id`)
) ENGINE=InnoDB DEFAULT CHARSET=utf8;

LOCK TABLES `razas` WRITE;
/*!40000 ALTER TABLE `razas` DISABLE KEYS */;

INSERT INTO `razas` (`id`, `raza`)
VALUES
	(1,'Cebú'),
	(2,'Criollo'),
	(3,'Otra');

/*!40000 ALTER TABLE `razas` ENABLE KEYS */;
UNLOCK TABLES;


# Volcado de tabla reg_actividad_manejo_animales
# ------------------------------------------------------------

DROP TABLE IF EXISTS `reg_actividad_manejo_animales`;

CREATE TABLE `reg_actividad_manejo_animales` (
  `id` int(11) NOT NULL AUTO_INCREMENT,
  `cantidad` float(8,0) NOT NULL,
  `periodicidad` varchar(200) DEFAULT NULL,
  `id_actividad_manejo` int(11) NOT NULL,
  `id_info_productivo` int(11) NOT NULL,
  `producto_actividad` varchar(50) NOT NULL DEFAULT '',
  `created_at` timestamp NULL DEFAULT NULL,
  `updated_at` timestamp NULL DEFAULT NULL,
  PRIMARY KEY (`id`),
  KEY `Refproductos_actividades_animales117` (`producto_actividad`),
  KEY `Refactividad_manejo_animales58` (`id_actividad_manejo`),
  KEY `Refinformacion_productivos59` (`id_info_productivo`)
) ENGINE=InnoDB DEFAULT CHARSET=utf8;

LOCK TABLES `reg_actividad_manejo_animales` WRITE;
/*!40000 ALTER TABLE `reg_actividad_manejo_animales` DISABLE KEYS */;

INSERT INTO `reg_actividad_manejo_animales` (`id`, `cantidad`, `periodicidad`, `id_actividad_manejo`, `id_info_productivo`, `producto_actividad`, `created_at`, `updated_at`)
VALUES
	(1,20,'20',1,1,'antiparasito','2017-07-21 23:23:25','2017-07-21 23:23:25'),
	(3,1,'2',2,1,'Shampu','2017-07-21 23:58:53','2017-07-21 23:58:53'),
	(4,3,'1',3,1,'Vitamina A','2017-07-22 00:02:16','2017-07-22 00:02:16'),
	(5,3,'2',2,1,'Acondicionador','2017-07-22 00:03:51','2017-07-22 00:03:51');

/*!40000 ALTER TABLE `reg_actividad_manejo_animales` ENABLE KEYS */;
UNLOCK TABLES;


# Volcado de tabla reg_actividades_externas
# ------------------------------------------------------------

DROP TABLE IF EXISTS `reg_actividades_externas`;

CREATE TABLE `reg_actividades_externas` (
  `id` int(11) NOT NULL AUTO_INCREMENT,
  `id_persona` int(11) NOT NULL,
  `id_actividad_externa` int(11) NOT NULL,
  PRIMARY KEY (`id`),
  KEY `Refunidades_familiares35` (`id_persona`),
  KEY `Refactividades_externas36` (`id_actividad_externa`)
) ENGINE=InnoDB DEFAULT CHARSET=utf8;



# Volcado de tabla reg_fuente_energia_cocinas
# ------------------------------------------------------------

DROP TABLE IF EXISTS `reg_fuente_energia_cocinas`;

CREATE TABLE `reg_fuente_energia_cocinas` (
  `id` int(11) NOT NULL AUTO_INCREMENT,
  `id_servicios_publicos` int(11) NOT NULL,
  `id_fuente_energia_cocina` int(11) NOT NULL,
  PRIMARY KEY (`id`),
  KEY `Refservicios_publicos216` (`id_servicios_publicos`),
  KEY `Reffuente_energia_cocinas217` (`id_fuente_energia_cocina`)
) ENGINE=InnoDB DEFAULT CHARSET=utf8;



# Volcado de tabla reg_ordenios
# ------------------------------------------------------------

DROP TABLE IF EXISTS `reg_ordenios`;

CREATE TABLE `reg_ordenios` (
  `id` int(11) NOT NULL AUTO_INCREMENT,
  `produccion_dia` float(8,0) NOT NULL,
  `cantidad_cuaja` float(8,0) NOT NULL,
  `cantidad_autoconsumo` float(8,0) NOT NULL,
  `cantidad_venta` float(8,0) NOT NULL,
  `id_info_productivo` int(11) NOT NULL,
  `id_frecuencia_ordenio` int(11) NOT NULL,
  `id_unidades_ordenio` int(11) NOT NULL,
  `created_at` timestamp NULL DEFAULT NULL,
  `updated_at` timestamp NULL DEFAULT NULL,
  PRIMARY KEY (`id`),
  KEY `Refinformacion_productivos119` (`id_info_productivo`),
  KEY `Reffrecuencia_ordenios120` (`id_frecuencia_ordenio`),
  KEY `Refunidades_ordenios121` (`id_unidades_ordenio`)
) ENGINE=InnoDB DEFAULT CHARSET=utf8;

LOCK TABLES `reg_ordenios` WRITE;
/*!40000 ALTER TABLE `reg_ordenios` DISABLE KEYS */;

INSERT INTO `reg_ordenios` (`id`, `produccion_dia`, `cantidad_cuaja`, `cantidad_autoconsumo`, `cantidad_venta`, `id_info_productivo`, `id_frecuencia_ordenio`, `id_unidades_ordenio`, `created_at`, `updated_at`)
VALUES
	(1,100,20,20,60,1,2,1,'2017-07-22 01:22:22','2017-07-22 01:22:22'),
	(4,40,10,20,10,1,2,2,'2017-07-22 01:30:43','2017-07-22 01:30:43');

/*!40000 ALTER TABLE `reg_ordenios` ENABLE KEYS */;
UNLOCK TABLES;


# Volcado de tabla reg_practica_manejo_praderas
# ------------------------------------------------------------

DROP TABLE IF EXISTS `reg_practica_manejo_praderas`;

CREATE TABLE `reg_practica_manejo_praderas` (
  `id` int(11) NOT NULL AUTO_INCREMENT,
  `id_practica_pradera` int(11) NOT NULL,
  `id_info_productivo` int(11) NOT NULL,
  PRIMARY KEY (`id`),
  KEY `Refpracticas_manejo_praderas62` (`id_practica_pradera`),
  KEY `Refinformacion_productivos63` (`id_info_productivo`)
) ENGINE=InnoDB DEFAULT CHARSET=utf8;



# Volcado de tabla reg_suplementos
# ------------------------------------------------------------

DROP TABLE IF EXISTS `reg_suplementos`;

CREATE TABLE `reg_suplementos` (
  `id` int(11) NOT NULL AUTO_INCREMENT,
  `cant_por_animal` float(8,0) DEFAULT NULL,
  `frecuencia` varchar(50) DEFAULT NULL,
  `id_info_productivo` int(11) NOT NULL,
  `id_suplemento` int(11) NOT NULL,
  PRIMARY KEY (`id`),
  KEY `Refsuplementos64` (`id_suplemento`),
  KEY `Refinformacion_productivos65` (`id_info_productivo`)
) ENGINE=InnoDB DEFAULT CHARSET=utf8;



# Volcado de tabla reg_uso_praderas
# ------------------------------------------------------------

DROP TABLE IF EXISTS `reg_uso_praderas`;

CREATE TABLE `reg_uso_praderas` (
  `id` int(11) NOT NULL AUTO_INCREMENT,
  `cant_has` float(8,0) NOT NULL,
  `id_info_productivo` int(11) NOT NULL,
  `id_uso_pradera` int(11) NOT NULL,
  PRIMARY KEY (`id`),
  KEY `Refinformacion_productivos127` (`id_info_productivo`),
  KEY `Refuso_praderas128` (`id_uso_pradera`)
) ENGINE=InnoDB DEFAULT CHARSET=utf8;



# Volcado de tabla reg_vacunaciones
# ------------------------------------------------------------

DROP TABLE IF EXISTS `reg_vacunaciones`;

CREATE TABLE `reg_vacunaciones` (
  `id` int(11) NOT NULL AUTO_INCREMENT,
  `id_info_productivo` int(11) NOT NULL,
  `id_tipo_vacuna` int(11) NOT NULL,
  PRIMARY KEY (`id`),
  KEY `Refinformacion_productivos133` (`id_info_productivo`),
  KEY `Reftipo_vacunas134` (`id_tipo_vacuna`)
) ENGINE=InnoDB DEFAULT CHARSET=utf8;



# Volcado de tabla rendimiento_producciones
# ------------------------------------------------------------

DROP TABLE IF EXISTS `rendimiento_producciones`;

CREATE TABLE `rendimiento_producciones` (
  `id` int(11) NOT NULL AUTO_INCREMENT,
  `edad_dias` int(11) DEFAULT NULL,
  `peso_macho` float(8,0) NOT NULL,
  `id_tipo_rend_produccion` int(11) NOT NULL,
  `id_info_productivo` int(11) NOT NULL,
  PRIMARY KEY (`id`),
  KEY `Reftipo_rend_producciones66` (`id_tipo_rend_produccion`),
  KEY `Refinformacion_productivos67` (`id_info_productivo`)
) ENGINE=InnoDB DEFAULT CHARSET=utf8;



# Volcado de tabla riesgos
# ------------------------------------------------------------

DROP TABLE IF EXISTS `riesgos`;

CREATE TABLE `riesgos` (
  `id` int(11) NOT NULL AUTO_INCREMENT,
  `riesgo` varchar(100) NOT NULL,
  PRIMARY KEY (`id`)
) ENGINE=InnoDB DEFAULT CHARSET=utf8;

LOCK TABLES `riesgos` WRITE;
/*!40000 ALTER TABLE `riesgos` DISABLE KEYS */;

INSERT INTO `riesgos` (`id`, `riesgo`)
VALUES
	(1,'Vulnerabilidad al sismo'),
	(2,'Derrumbre/deslizamiento'),
	(3,'Enfermedades'),
	(4,'Explosión/incendio');

/*!40000 ALTER TABLE `riesgos` ENABLE KEYS */;
UNLOCK TABLES;


# Volcado de tabla semillas
# ------------------------------------------------------------

DROP TABLE IF EXISTS `semillas`;

CREATE TABLE `semillas` (
  `id` int(11) NOT NULL AUTO_INCREMENT,
  `variedad` varchar(100) NOT NULL,
  `densidad` varchar(50) NOT NULL,
  `certificado_ica` char(1) NOT NULL,
  `id_cultivo` int(11) NOT NULL,
  `id_procedencia_semilla` int(11) NOT NULL,
  `updated_at` timestamp NULL DEFAULT NULL,
  `created_at` timestamp NULL DEFAULT NULL,
  PRIMARY KEY (`id`),
  KEY `Refcultivos97` (`id_cultivo`),
  KEY `Refprocedencias_semillas228` (`id_procedencia_semilla`)
) ENGINE=InnoDB DEFAULT CHARSET=utf8;

LOCK TABLES `semillas` WRITE;
/*!40000 ALTER TABLE `semillas` DISABLE KEYS */;

INSERT INTO `semillas` (`id`, `variedad`, `densidad`, `certificado_ica`, `id_cultivo`, `id_procedencia_semilla`, `updated_at`, `created_at`)
VALUES
	(2,'Pequeño','Muchas','1',5,1,'2017-07-15 18:09:31','2017-07-15 18:09:31'),
	(3,'Grande','Mucha','0',5,1,'2017-07-15 18:09:31','2017-07-15 18:09:31');

/*!40000 ALTER TABLE `semillas` ENABLE KEYS */;
UNLOCK TABLES;


# Volcado de tabla servicios_publicos
# ------------------------------------------------------------

DROP TABLE IF EXISTS `servicios_publicos`;

CREATE TABLE `servicios_publicos` (
  `id` int(11) NOT NULL AUTO_INCREMENT,
  `id_informacion` int(11) NOT NULL,
  `id_fuente_agua` int(11) NOT NULL,
  `id_sistemas_tratamiento_aguas` int(11) NOT NULL,
  `tratamiento_agua` tinyint(1) DEFAULT '0',
  `id_metodo_disposicion_basura` int(2) NOT NULL,
  `id_gas` int(2) NOT NULL,
  `id_fuente_energia_electrica` int(2) NOT NULL,
  `created_at` timestamp NULL DEFAULT NULL,
  `updated_at` timestamp NULL DEFAULT NULL,
  PRIMARY KEY (`id`),
  KEY `Refinformacion_viviendas202` (`id_informacion`),
  KEY `Reffuentes_aguas205` (`id_fuente_agua`),
  KEY `Refsistemas_tratamiento_aguas206` (`id_sistemas_tratamiento_aguas`)
) ENGINE=InnoDB DEFAULT CHARSET=utf8;



# Volcado de tabla sistema_eliminacion_aguas_grises
# ------------------------------------------------------------

DROP TABLE IF EXISTS `sistema_eliminacion_aguas_grises`;

CREATE TABLE `sistema_eliminacion_aguas_grises` (
  `id` int(11) NOT NULL AUTO_INCREMENT,
  `sistema_eliminacion_aguas_grises` varchar(200) NOT NULL,
  PRIMARY KEY (`id`)
) ENGINE=InnoDB DEFAULT CHARSET=utf8;

LOCK TABLES `sistema_eliminacion_aguas_grises` WRITE;
/*!40000 ALTER TABLE `sistema_eliminacion_aguas_grises` DISABLE KEYS */;

INSERT INTO `sistema_eliminacion_aguas_grises` (`id`, `sistema_eliminacion_aguas_grises`)
VALUES
	(1,'A campo abierto'),
	(2,'Rio/quebrada'),
	(3,'Pozo séptico'),
	(4,'Laguna/estero'),
	(5,'Alcantarillado'),
	(6,'Canales'),
	(7,'Otro'),
	(8,'Ninguna');

/*!40000 ALTER TABLE `sistema_eliminacion_aguas_grises` ENABLE KEYS */;
UNLOCK TABLES;


# Volcado de tabla sistema_eliminacion_excretas
# ------------------------------------------------------------

DROP TABLE IF EXISTS `sistema_eliminacion_excretas`;

CREATE TABLE `sistema_eliminacion_excretas` (
  `id` int(11) NOT NULL AUTO_INCREMENT,
  `sistema_eliminacion_excretas` varchar(200) NOT NULL,
  PRIMARY KEY (`id`)
) ENGINE=InnoDB DEFAULT CHARSET=utf8;

LOCK TABLES `sistema_eliminacion_excretas` WRITE;
/*!40000 ALTER TABLE `sistema_eliminacion_excretas` DISABLE KEYS */;

INSERT INTO `sistema_eliminacion_excretas` (`id`, `sistema_eliminacion_excretas`)
VALUES
	(1,'A campo abierto'),
	(2,'Río/quebrada'),
	(3,'Pozo séptico'),
	(4,'Otro'),
	(5,'Ninguno');

/*!40000 ALTER TABLE `sistema_eliminacion_excretas` ENABLE KEYS */;
UNLOCK TABLES;


# Volcado de tabla sistemas_tratamiento_aguas
# ------------------------------------------------------------

DROP TABLE IF EXISTS `sistemas_tratamiento_aguas`;

CREATE TABLE `sistemas_tratamiento_aguas` (
  `id` int(11) NOT NULL AUTO_INCREMENT,
  `sistema_tratamiento` varchar(100) NOT NULL,
  PRIMARY KEY (`id`)
) ENGINE=InnoDB DEFAULT CHARSET=utf8;

LOCK TABLES `sistemas_tratamiento_aguas` WRITE;
/*!40000 ALTER TABLE `sistemas_tratamiento_aguas` DISABLE KEYS */;

INSERT INTO `sistemas_tratamiento_aguas` (`id`, `sistema_tratamiento`)
VALUES
	(1,'A campo abierto'),
	(2,'Rio/quebrada'),
	(3,'Pozo séptico'),
	(4,'Laguna/estero'),
	(5,'Alcantarillado'),
	(6,'Canales'),
	(7,'Otro'),
	(8,'Ninguna');

/*!40000 ALTER TABLE `sistemas_tratamiento_aguas` ENABLE KEYS */;
UNLOCK TABLES;


# Volcado de tabla sitio_ventas
# ------------------------------------------------------------

DROP TABLE IF EXISTS `sitio_ventas`;

CREATE TABLE `sitio_ventas` (
  `id` int(11) NOT NULL AUTO_INCREMENT,
  `sitio_venta` varchar(100) NOT NULL,
  PRIMARY KEY (`id`)
) ENGINE=InnoDB DEFAULT CHARSET=utf8;

LOCK TABLES `sitio_ventas` WRITE;
/*!40000 ALTER TABLE `sitio_ventas` DISABLE KEYS */;

INSERT INTO `sitio_ventas` (`id`, `sitio_venta`)
VALUES
	(1,'Predio'),
	(2,'Mercado local'),
	(3,'Mercado regional'),
	(4,'Mercado nacional'),
	(5,'Exportación');

/*!40000 ALTER TABLE `sitio_ventas` ENABLE KEYS */;
UNLOCK TABLES;


# Volcado de tabla subsidios
# ------------------------------------------------------------

DROP TABLE IF EXISTS `subsidios`;

CREATE TABLE `subsidios` (
  `id` int(11) NOT NULL AUTO_INCREMENT,
  `consecutivo` int(11) NOT NULL,
  `fecha_inicio` date NOT NULL,
  `id_beneficiario` int(11) NOT NULL,
  `id_tipo_subsidio` int(11) NOT NULL,
  `id_fase` int(11) DEFAULT NULL,
  `id_info_vivienda` int(11) DEFAULT NULL,
  `id_info_productivo` int(11) DEFAULT NULL,
  `valor` double NOT NULL DEFAULT '0',
  `valor_beneficiario` double NOT NULL DEFAULT '0',
  `valor_ejecutado` double NOT NULL DEFAULT '0',
  `porcentaje_ejecucion` int(11) DEFAULT '0',
  `entregado` tinyint(4) DEFAULT '0',
  `concertado` tinyint(4) NOT NULL DEFAULT '0',
  `estado` tinyint(4) NOT NULL DEFAULT '1',
  `obras_en_construccion` tinyint(4) DEFAULT '0',
  `observaciones` text,
  `id_usuario` int(11) NOT NULL,
  `updated_at` timestamp NULL DEFAULT '0000-00-00 00:00:00',
  `created_at` timestamp NULL DEFAULT '0000-00-00 00:00:00',
  `id_vereda` int(11) NOT NULL,
  PRIMARY KEY (`id`)
) ENGINE=InnoDB DEFAULT CHARSET=utf8;

LOCK TABLES `subsidios` WRITE;
/*!40000 ALTER TABLE `subsidios` DISABLE KEYS */;

INSERT INTO `subsidios` (`id`, `consecutivo`, `fecha_inicio`, `id_beneficiario`, `id_tipo_subsidio`, `id_fase`, `id_info_vivienda`, `id_info_productivo`, `valor`, `valor_beneficiario`, `valor_ejecutado`, `porcentaje_ejecucion`, `entregado`, `concertado`, `estado`, `obras_en_construccion`, `observaciones`, `id_usuario`, `updated_at`, `created_at`, `id_vereda`)
VALUES
	(1,1,'2016-01-01',1,2,2,2,1,8095905,0,8095905,100,1,0,1,0,'DIVISION DE POTRERO',1,'2017-06-16 22:17:36','0000-00-00 00:00:00',1),
	(2,2,'2016-01-01',2,2,2,NULL,NULL,20454545,0,20454545,100,1,0,1,0,'BANCO FORRAJERO',1,'0000-00-00 00:00:00','0000-00-00 00:00:00',357),
	(3,3,'2016-01-01',3,2,2,NULL,NULL,20454545,0,20454545,100,1,0,1,0,'DIVISION DE POTRERO',1,'0000-00-00 00:00:00','0000-00-00 00:00:00',357),
	(4,4,'2016-01-01',4,2,2,NULL,NULL,20454545,0,20454545,100,1,0,1,0,'DIVISION DE POTRERO',1,'0000-00-00 00:00:00','0000-00-00 00:00:00',357),
	(5,5,'2016-01-01',5,2,2,NULL,NULL,2054545,0,2054545,100,1,0,1,0,'MEJORAMIENTO DE PRADERA',1,'0000-00-00 00:00:00','0000-00-00 00:00:00',357),
	(6,6,'2016-01-01',6,2,2,NULL,NULL,20454545,0,20454545,100,1,0,1,0,'DIVISION DE POTRERO',1,'0000-00-00 00:00:00','0000-00-00 00:00:00',357),
	(7,7,'2016-01-01',7,2,2,NULL,NULL,10000000,0,10000000,100,1,0,1,0,'CONSTRUCCION DE PORQUERIZA',1,'0000-00-00 00:00:00','0000-00-00 00:00:00',357),
	(8,8,'2016-01-01',8,2,2,NULL,NULL,10000000,0,10000000,100,1,0,1,0,'ESPECIES MENORES (CRIA DE POLLO DFE ENGORDE)',1,'0000-00-00 00:00:00','0000-00-00 00:00:00',357),
	(9,9,'2016-01-01',9,2,2,NULL,NULL,10000000,0,10000000,100,1,0,1,0,'ESPECIES MENORES (CRIA DE POLLO DFE ENGORDE)',1,'0000-00-00 00:00:00','0000-00-00 00:00:00',357),
	(10,10,'2016-01-01',10,2,2,NULL,NULL,10000000,0,10000000,100,1,0,1,0,'ESPECIES MENORES (CRIA DE POLLO DFE ENGORDE)',1,'0000-00-00 00:00:00','0000-00-00 00:00:00',357),
	(11,11,'2016-01-01',11,2,2,NULL,NULL,10000000,0,10000000,100,1,0,1,0,'ESTABLECIMIENTO DE MAIZ FORRAJERO',1,'0000-00-00 00:00:00','0000-00-00 00:00:00',357),
	(12,12,'2016-01-01',12,2,2,NULL,NULL,10000000,0,10000000,100,1,0,1,0,'CULTIVO DE PIÑA GOLD',1,'0000-00-00 00:00:00','0000-00-00 00:00:00',357),
	(13,13,'2016-01-01',13,2,2,NULL,NULL,10000000,0,10000000,100,1,0,1,0,'CULTIVO DE PIÑA GOLD',1,'0000-00-00 00:00:00','0000-00-00 00:00:00',357),
	(14,14,'2016-01-01',14,2,2,NULL,NULL,10000000,0,10000000,100,1,0,1,0,'CULTIVO DE PIÑA GOLD',1,'0000-00-00 00:00:00','0000-00-00 00:00:00',345),
	(15,15,'2016-01-01',15,2,2,NULL,NULL,10000000,0,10000000,100,1,0,1,0,'CULTIVO DE PIÑA GOLD',1,'0000-00-00 00:00:00','0000-00-00 00:00:00',345),
	(16,16,'2016-01-01',16,2,2,NULL,NULL,10000000,0,10000000,100,1,0,1,0,'CULTIVO DE PIÑA GOLD',1,'0000-00-00 00:00:00','0000-00-00 00:00:00',345),
	(17,17,'2016-01-01',17,2,2,NULL,NULL,10000000,0,10000000,100,1,0,1,0,'CULTIVO DE PIÑA GOLD',1,'0000-00-00 00:00:00','0000-00-00 00:00:00',345),
	(18,18,'2016-01-01',18,2,2,NULL,NULL,10000000,0,10000000,100,1,0,1,0,'CULTIVO DE PIÑA GOLD',1,'0000-00-00 00:00:00','0000-00-00 00:00:00',345),
	(19,19,'2016-01-01',19,2,2,NULL,NULL,10000000,0,10000000,100,1,0,1,0,'CULTIVO DE PIÑA GOLD',1,'0000-00-00 00:00:00','0000-00-00 00:00:00',345),
	(20,20,'2016-01-01',20,2,2,NULL,NULL,10000000,0,10000000,100,1,0,1,0,'CULTIVO DE PIÑA GOLD',1,'0000-00-00 00:00:00','0000-00-00 00:00:00',345),
	(21,21,'2016-01-01',21,2,2,NULL,NULL,10000000,0,10000000,100,1,0,1,0,'FORTALECIMIENTO DE CORRAL',1,'0000-00-00 00:00:00','0000-00-00 00:00:00',345),
	(22,22,'2016-01-01',22,2,2,NULL,NULL,10000000,0,10000000,100,1,0,1,0,'DIVISION DE POTRERO',1,'0000-00-00 00:00:00','0000-00-00 00:00:00',345),
	(23,23,'2016-01-01',23,2,2,NULL,NULL,10000000,0,10000000,100,1,0,1,0,'DIVISION DE POTRERO',1,'0000-00-00 00:00:00','0000-00-00 00:00:00',345),
	(24,24,'2016-01-01',24,2,2,NULL,NULL,10000000,0,10000000,100,1,0,1,0,'DIVISION DE POTRERO',1,'0000-00-00 00:00:00','0000-00-00 00:00:00',345),
	(25,25,'2016-01-01',25,2,2,NULL,NULL,10000000,0,10000000,100,1,0,1,0,'DIVISION DE POTRERO',1,'0000-00-00 00:00:00','0000-00-00 00:00:00',345),
	(26,26,'2016-01-01',26,2,2,NULL,NULL,10000000,0,10000000,100,1,0,1,0,'DIVISION DE POTRERO',1,'0000-00-00 00:00:00','0000-00-00 00:00:00',345),
	(27,27,'2016-01-01',27,2,2,NULL,NULL,10000000,0,10000000,100,1,0,1,0,'DIVISION DE POTRERO',1,'0000-00-00 00:00:00','0000-00-00 00:00:00',1),
	(28,28,'2016-01-01',28,2,2,NULL,NULL,10000000,0,10000000,100,1,0,1,0,'DIVISION DE POTRERO',1,'0000-00-00 00:00:00','0000-00-00 00:00:00',1),
	(29,29,'2016-01-01',29,2,2,NULL,NULL,10000000,0,10000000,100,1,0,1,0,'DIVISION DE POTRERO',1,'0000-00-00 00:00:00','0000-00-00 00:00:00',1),
	(30,30,'2016-01-01',30,2,2,NULL,NULL,10000000,0,10000000,100,1,0,1,0,'DIVISION DE POTRERO',1,'0000-00-00 00:00:00','0000-00-00 00:00:00',725),
	(31,31,'2016-01-01',31,2,2,NULL,NULL,10000000,0,10000000,100,1,0,1,0,'CORRAL GANADERO',1,'0000-00-00 00:00:00','0000-00-00 00:00:00',725),
	(32,32,'2016-01-01',32,2,2,NULL,NULL,10000000,0,10000000,100,1,0,1,0,'CORRAL GANADERO (BRETE Y BASCULA ELECTRONICA)',1,'0000-00-00 00:00:00','0000-00-00 00:00:00',725),
	(33,33,'2016-01-01',33,2,2,NULL,NULL,10000000,0,10000000,100,1,0,1,0,'DIVISION DE POTRERO',1,'0000-00-00 00:00:00','0000-00-00 00:00:00',725),
	(34,34,'2016-01-01',34,2,2,NULL,NULL,10000000,0,10000000,100,1,0,1,0,'CORRAL GANADERO',1,'0000-00-00 00:00:00','0000-00-00 00:00:00',1),
	(35,35,'2016-01-01',35,2,1,NULL,NULL,10000000,0,10000000,100,1,0,1,0,'CORRAL GANADERO',1,'0000-00-00 00:00:00','0000-00-00 00:00:00',1),
	(36,36,'2016-01-01',36,2,1,NULL,NULL,10000000,0,10000000,100,1,0,1,0,'CORRAL GANADERO',1,'0000-00-00 00:00:00','0000-00-00 00:00:00',1),
	(37,37,'2016-01-01',37,2,1,NULL,NULL,10000000,0,10000000,100,1,0,1,0,'CORRAL GANADERO',1,'0000-00-00 00:00:00','0000-00-00 00:00:00',1),
	(38,38,'2016-01-01',38,2,1,NULL,NULL,4637681,0,4637681,100,1,0,1,0,'FORTALECIMIENTO CULTIVO DE MAIZ',1,'0000-00-00 00:00:00','0000-00-00 00:00:00',1),
	(39,39,'2016-01-01',39,2,1,NULL,NULL,4637681,0,4637681,100,1,0,1,0,'FORTALECIFIENTO CULTIVO DE PLATANO',1,'0000-00-00 00:00:00','0000-00-00 00:00:00',1),
	(40,40,'2016-01-01',40,2,2,NULL,NULL,4637681,0,4637681,100,1,0,1,0,'FORTALECIFIENTO CULTIVO DE PLATANO',1,'0000-00-00 00:00:00','0000-00-00 00:00:00',1),
	(41,41,'2016-01-01',41,2,2,NULL,NULL,4637681,0,4637681,100,1,0,1,0,'FORTALECIMIENTO MAQUINARIA AGRICOLA',1,'0000-00-00 00:00:00','0000-00-00 00:00:00',1),
	(42,42,'2016-01-01',42,2,2,NULL,NULL,4637681,0,4637681,100,1,0,1,0,'FORTALECIMIENTO CULTIVO DE ARROZ',1,'0000-00-00 00:00:00','0000-00-00 00:00:00',1),
	(43,43,'2016-01-01',43,2,2,NULL,NULL,4637681,0,4637681,100,1,0,1,0,'FORTALECIMIENTO CULTIVO DE ARROZ',1,'0000-00-00 00:00:00','0000-00-00 00:00:00',1),
	(44,44,'2016-01-01',44,2,2,NULL,NULL,4637681,0,4637681,100,1,0,1,0,'FORTALECIMIENTO CULTIVO DE ARROZ',1,'0000-00-00 00:00:00','0000-00-00 00:00:00',1),
	(45,45,'2016-01-01',45,2,2,NULL,NULL,4637681,0,4637681,100,1,0,1,0,'FORTALECIMIENTO CULTIVO DE AHUYAMA',1,'0000-00-00 00:00:00','0000-00-00 00:00:00',1),
	(46,46,'2016-01-01',46,2,2,NULL,NULL,4637681,0,4637681,100,1,0,1,0,'FORTALECIMIENTO CULTIVO DE MAIZ',1,'0000-00-00 00:00:00','0000-00-00 00:00:00',1),
	(47,47,'2016-01-01',47,2,2,NULL,NULL,4637681,0,4637681,100,1,0,1,0,'FORTALECIMIENTO CULTIVO DE MAIZ',1,'0000-00-00 00:00:00','0000-00-00 00:00:00',1),
	(48,48,'2016-01-01',48,2,2,NULL,NULL,4637681,0,4637681,100,1,0,1,0,'FORTALECIFIENTO CULTIVO DE PLATANO',1,'0000-00-00 00:00:00','0000-00-00 00:00:00',1),
	(49,49,'2016-01-01',49,2,2,NULL,NULL,4637681,0,4637681,100,1,0,1,0,'FORTALECIMIENTO CULTIVO DE ARROZ',1,'0000-00-00 00:00:00','0000-00-00 00:00:00',1),
	(50,50,'2016-01-01',50,2,2,NULL,NULL,4637681,0,4637681,100,1,0,1,0,'FORTALECIMIENTO CULTIVO DE MAIZ',1,'0000-00-00 00:00:00','0000-00-00 00:00:00',1),
	(51,51,'2016-01-01',51,2,2,NULL,NULL,4637681,0,4637681,100,1,0,1,0,'FORTALECIFIENTO CULTIVO DE PLATANO',1,'0000-00-00 00:00:00','0000-00-00 00:00:00',1),
	(52,52,'2016-01-01',52,2,2,NULL,NULL,4637681,0,4637681,100,1,0,1,0,'FORTALECIFIENTO CULTIVO DE PLATANO',1,'0000-00-00 00:00:00','0000-00-00 00:00:00',1),
	(53,53,'2016-01-01',53,2,2,NULL,NULL,4637681,0,4637681,100,1,0,1,0,'FORTALECIFIENTO CULTIVO DE PLATANO',1,'0000-00-00 00:00:00','0000-00-00 00:00:00',1),
	(54,54,'2016-01-01',54,2,2,NULL,NULL,4637681,0,4637681,100,1,0,1,0,'FORTALECIFIENTO CULTIVO DE PLATANO',1,'0000-00-00 00:00:00','0000-00-00 00:00:00',725),
	(55,55,'2016-01-01',55,2,1,NULL,NULL,4637681,0,4637681,100,1,0,1,0,'FORTALECIMIENTO AGROPECUARIO (AVES PONEDORA Y CULTIVO DE PLATANO)',1,'0000-00-00 00:00:00','0000-00-00 00:00:00',725),
	(56,56,'2016-01-01',56,2,1,NULL,NULL,4637681,0,4637681,100,1,0,1,0,'FORTALECIFIENTO CULTIVO DE PLATANO',1,'0000-00-00 00:00:00','0000-00-00 00:00:00',725),
	(57,57,'2016-01-01',57,2,1,NULL,NULL,4637681,0,4637681,100,1,0,1,0,'FORTALECIMIENTO CULTIVO DE ARROZ',1,'0000-00-00 00:00:00','0000-00-00 00:00:00',725),
	(58,58,'2016-01-01',58,2,1,NULL,NULL,4637681,0,4637681,100,1,0,1,0,'FORTALECIMIENTO DE ZONA SOCIAL GANADERA',1,'0000-00-00 00:00:00','0000-00-00 00:00:00',725),
	(59,59,'2016-01-01',59,2,1,NULL,NULL,4637681,0,4637681,100,1,0,1,0,'FORTALECIMIENTO CULTIVO DE ARROZ',1,'0000-00-00 00:00:00','0000-00-00 00:00:00',725),
	(60,60,'2016-01-01',60,2,1,NULL,NULL,4637681,0,4637681,100,1,0,1,0,'FORTALECIMIENTO CULTIVO DE ARROZ',1,'0000-00-00 00:00:00','0000-00-00 00:00:00',725),
	(61,61,'2016-01-01',61,2,1,NULL,NULL,4637681,0,4637681,100,1,0,1,0,'FORTALECIFIENTO CULTIVO DE PLATANO',1,'0000-00-00 00:00:00','0000-00-00 00:00:00',725),
	(62,62,'2016-01-01',62,2,1,NULL,NULL,4637681,0,4637681,100,1,0,1,0,'FORTALECIMIENTO CULTIVO DE ARROZ',1,'0000-00-00 00:00:00','0000-00-00 00:00:00',725),
	(63,63,'2016-01-01',63,2,2,NULL,NULL,4637681,0,4637681,100,1,0,1,0,'FORTALECIMIENTO CULTIVO DE ARROZ',1,'0000-00-00 00:00:00','0000-00-00 00:00:00',1),
	(64,64,'2016-01-01',64,2,2,NULL,NULL,4637681,0,4637681,100,1,0,1,0,'FORTALECIFIENTO CULTIVO DE PLATANO',1,'0000-00-00 00:00:00','0000-00-00 00:00:00',1),
	(65,65,'2016-01-01',65,2,2,NULL,NULL,4637681,0,4637681,100,1,0,1,0,'FORTALECIMIENTO CULTIVO DE MAIZ',1,'0000-00-00 00:00:00','0000-00-00 00:00:00',1),
	(66,66,'2016-01-01',66,2,2,NULL,NULL,4637681,0,4637681,100,1,0,1,0,'FORTALECIFIENTO CULTIVO DE PLATANO',1,'0000-00-00 00:00:00','0000-00-00 00:00:00',1),
	(67,67,'2016-01-01',67,2,2,NULL,NULL,4637681,0,4637681,100,1,0,1,0,'FORTALECIMIENTO CULTIVO DE PALMA DE ACEITE',1,'0000-00-00 00:00:00','0000-00-00 00:00:00',1),
	(68,68,'2016-01-01',68,2,2,NULL,NULL,4637681,0,4637681,100,1,0,1,0,'FORTALECIMIENTO CULTIVO DE ARROZ',1,'0000-00-00 00:00:00','0000-00-00 00:00:00',1),
	(70,70,'2016-01-01',70,1,2,1,NULL,20454545,0,20454545,100,1,0,1,0,'CONSTRUCCION DE HABITACION (AREA ALOJAMIENTO DE 10M *25M EN MAMPOSTERIA CONFINADA',1,'2017-06-16 20:09:45','0000-00-00 00:00:00',1),
	(71,71,'2016-01-01',71,1,1,NULL,NULL,20454545,0,20454545,100,1,0,1,0,'CAMBIO DE CUBIERT ENCHAPE GENERAL DE PISO CONSTRUCCION DE COCINA Y ADECUACION DE UNIDAD SANITARIA',1,'0000-00-00 00:00:00','0000-00-00 00:00:00',1),
	(72,72,'2016-01-01',72,1,1,NULL,NULL,20454545,0,20454545,100,1,0,1,0,'CONSTRUCCION DE UNIDAD BASICA DE VIVIENDA(HABTACIONES, COCINA Y UNIDAD SANITARIA, EN MAMPOSTERIA CONFINADA',1,'0000-00-00 00:00:00','0000-00-00 00:00:00',1),
	(73,73,'2016-01-01',73,1,2,NULL,NULL,20454545,0,20454545,100,1,0,1,0,'CONSTRUCCIÓN DE UNIDAD BÁSICA DE VIVIENDA (HABITACIONES, COCINA Y UNIDAD SANITARIA, EN MAMPOSTERÍA CONFINADA.',1,'0000-00-00 00:00:00','0000-00-00 00:00:00',1),
	(74,74,'2016-01-01',74,1,1,NULL,NULL,20454545,0,20454545,100,1,0,1,0,'CONSTRUCCIÓN DE DOS HABITACIONES CON BAÑO PRIVADO DE 4 M *4 M CON ÁREA SOCIAL.',1,'0000-00-00 00:00:00','0000-00-00 00:00:00',1),
	(75,75,'2016-01-01',75,1,2,NULL,NULL,20454545,0,20454545,100,1,0,1,0,'CONSTRUCCIÓN DE DOS HABITACIONES CON BAÑO PRIVADO, CON ÁREA SOCIAL DE 24 M2 DE FRENTE, SUMINISTRO DE TUBO SANITARIO DE 9\" PARA DRENAJE DE AGUAS A LA ENTRADA DE LA PROPIEDAD, CONSTRUCCIÓN  DE PLACA EN CONCRETO.',1,'0000-00-00 00:00:00','0000-00-00 00:00:00',1),
	(76,76,'2016-01-01',76,1,2,NULL,NULL,20454545,0,20454545,100,1,0,1,0,'CONSTRUCCION DE UNIDAD BASICA DE VIVIENDA(HABTACIONES, COCINA Y UNIDAD SANITARIA, EN MAMPOSTERIA CONFINADA',1,'0000-00-00 00:00:00','0000-00-00 00:00:00',1),
	(77,77,'2016-01-01',77,1,2,NULL,NULL,20454545,0,20454545,100,1,0,1,0,'PAÑETE GENERAL SOBRE MURO EN BLOQUE, ENCHAPE GENERAL , INSTALACIÓN DE CUBIERTA EN TEJA ARQUITECTÓNICA CONSTRUCCIÓN DE UNIDAD SANITARIA.',1,'0000-00-00 00:00:00','0000-00-00 00:00:00',1),
	(78,78,'2016-01-01',78,1,2,NULL,NULL,20454545,0,20454545,100,1,0,1,0,'CONSTRUCCIÓN DE DOS HABITACIONES, COCINA, EN BLOQUE DE ARCILLA  CON ESTRUCTURA EN CONCRETO REFORZADO',1,'0000-00-00 00:00:00','0000-00-00 00:00:00',1),
	(79,79,'2016-01-01',79,1,2,NULL,NULL,20454545,0,20454545,100,1,0,1,0,'CONSTRUCCIÓN DE DOS HABITACIONES , COCINA, UNIDADES SANITARIAS CON TANQUE LAVADERO',1,'0000-00-00 00:00:00','0000-00-00 00:00:00',1),
	(80,80,'2016-01-01',80,1,2,NULL,NULL,20454545,0,20454545,100,1,0,1,0,'CONSTRUCCIÓN DE DOS HABITACIONES, COCINA, UNIDAD SANITARIA, EN BLOQUE CON ESTRUCTURA EN CONCRETO REFORZADO ',1,'0000-00-00 00:00:00','0000-00-00 00:00:00',1),
	(81,81,'2016-01-01',81,1,2,NULL,NULL,20454545,0,20454545,100,1,0,1,0,'CONSTRUCCIÓN DE ESTRUCTURA EN CONCRETO REFORZADO, MAMPOSTERÍA PLACA DE ENTREPISO EN BLOQUELON',1,'0000-00-00 00:00:00','0000-00-00 00:00:00',1),
	(82,82,'2016-01-01',82,1,2,NULL,NULL,20454545,0,20454545,100,1,0,1,0,'CONSTRUCCIÓN DE UNIDAD BÁSICA DE VIVIENDA( HABITACIONES, COCINA Y UNIDAD SANITARIA, EN MAMPOSTERÍA CONFINADA',1,'0000-00-00 00:00:00','0000-00-00 00:00:00',1),
	(83,83,'2016-01-01',83,1,2,NULL,NULL,20454545,0,20454545,100,1,0,1,0,'CONSTRUCCION DE UNIDAD BASICA DE VIVIENDA(HABTACIONES, COCINA Y UNIDAD SANITARIA, EN MAMPOSTERIA CONFINADA',1,'0000-00-00 00:00:00','0000-00-00 00:00:00',1),
	(84,84,'2016-01-01',84,1,2,NULL,NULL,20454545,0,20454545,100,1,0,1,0,'CONSTRUCCION DE ESTRUCTURA EN CONCRETO REFORZADO PLACA DE ENTREPISO EN BLOQUELON',1,'0000-00-00 00:00:00','0000-00-00 00:00:00',1),
	(85,85,'2016-01-01',85,1,2,NULL,NULL,20454545,0,20454545,100,1,0,1,0,'CONSTRUCION DE TRES HABITACIONES , UNIDAD SANITARIA Y AREA SOCIAL',1,'0000-00-00 00:00:00','0000-00-00 00:00:00',1),
	(86,86,'2016-01-01',86,1,2,NULL,NULL,20454545,0,20454545,100,1,0,1,0,'ENCHAPE  GENERAL DE PISO , INSTALACIÓN DE CUBIERTA EN MASTER MIL PREPINTADA. ',1,'0000-00-00 00:00:00','0000-00-00 00:00:00',1),
	(87,87,'2016-01-01',87,1,2,NULL,NULL,20454545,0,20454545,100,1,0,1,0,'CONSTRUCCION DE UNIDAD BASICA DE VIVIENDA(HABTACIONES, COCINA Y UNIDAD SANITARIA, EN MAMPOSTERIA CONFINADA',1,'0000-00-00 00:00:00','0000-00-00 00:00:00',1),
	(88,88,'2016-01-01',88,1,2,NULL,NULL,12358640,0,12358640,100,1,0,1,0,'INSTALACION DE SISTEMA DE TRATAMIENTO PARA POTABILIZACION DE AGUA Y CONSTRUCCION DE DOS HABITACIONES Y AREA COMUN  FRENTE A  LAS MISMAS',1,'0000-00-00 00:00:00','0000-00-00 00:00:00',1),
	(89,89,'2016-01-01',89,1,2,NULL,NULL,20454545,0,20454545,100,1,0,1,0,'CONSTRUCCION DE HABITACIONES , COCINA, UNIDAD SANITARIA), EN BLOQUE DE ARCILLA CON ESTRUCTURA EN CONCRETO REFORZADO',1,'0000-00-00 00:00:00','0000-00-00 00:00:00',1),
	(90,90,'2016-01-01',90,1,2,NULL,NULL,20454545,0,20454545,100,1,0,1,0,'CONSTRUCCIÓN DE UNIDAD BÁSICA DE VIVIENDA( HABITACIONES, COCINA Y UNIDAD SANITARIA, EN MAMPOSTERÍA CONFINADA',1,'0000-00-00 00:00:00','0000-00-00 00:00:00',345),
	(91,91,'2016-01-01',91,1,2,NULL,NULL,20454545,0,20454545,100,1,0,1,0,'INSTALACION DE SISTEMA DE TRATAMIENTO PARA POTABILIZACION DE AGUA Y CONSTRUCCION DE DOS HABITACIONES Y AREA COMUN  FRENTE A  LAS MISMAS',1,'0000-00-00 00:00:00','0000-00-00 00:00:00',345),
	(92,92,'2016-01-01',92,1,2,NULL,NULL,15297640,0,15297640,100,1,0,1,0,'INSTALACIÓN  SISTEMA DE TRATAMIENTO  PARA POTABILIZAR AGUA , ENCHAPE DE PLACA PERIMETRALES DE LA VIVIENDA.',1,'0000-00-00 00:00:00','0000-00-00 00:00:00',345),
	(93,93,'2016-01-01',93,1,2,NULL,NULL,20454545,0,20454545,100,1,0,1,0,'CONSTRUCCIÓN DE 2 HABITACIONES EN MAMPOSTERÍA CONFINADA, PAÑETE GENERAL DE LA VIVIENDA Y LA CONSTRUCCIÓN DE UNA UNIDAD SANITARIA DE DOS CUERPOS.',1,'0000-00-00 00:00:00','0000-00-00 00:00:00',345),
	(94,94,'2016-01-01',94,1,2,NULL,NULL,20454545,0,20454545,100,1,0,1,0,'CONSTRUCCION Y ENCHAPE DE COCINA EN MAMPOSTERIA CONFINDA, CONSTRUCCIOY ENCHAPE AREA SOCIAL, PAÑETE GENERAL',1,'0000-00-00 00:00:00','0000-00-00 00:00:00',345),
	(95,95,'2016-01-01',95,1,2,NULL,NULL,20454545,0,20454545,100,1,0,1,0,'CONSTRUCCIÓN DE DOS HABITACIONES EN MAMPOSTERÍA CONFINAD, PAÑETE GENERAL DE LA VIVIENDA Y CONSTRUCCIÓN DE UNIDAD SANITARIA DE DOS CUERPOS.',1,'0000-00-00 00:00:00','0000-00-00 00:00:00',345),
	(96,96,'2016-01-01',96,1,2,NULL,NULL,20454545,0,20454545,100,1,0,1,0,'INSTALACIÓN DE CUBIERTA EN TEJA ARQUITECTÓNICA , CONSTRUCCIÓN DE POZO SÉPTICO , ADECUACIÓN DE UNIDADES SANITARIAS, ENCHAPE GENERAL , INSTALACIÓN DE PUERTAS Y VENTANAS EN MADERA',1,'0000-00-00 00:00:00','0000-00-00 00:00:00',345),
	(97,97,'2016-01-01',97,1,2,NULL,NULL,20454545,0,20454545,100,1,0,1,0,'REMODELACIÓN COCINA, CAMBIO DE CUBIERTA , PAÑETE Y PINTURA EN TODA LA VIVIENDA ENCHAPÉ GENERAL  Y ADECUACIÓN DE UNIDAD SANITARIA',1,'0000-00-00 00:00:00','0000-00-00 00:00:00',345),
	(98,98,'2016-01-01',98,1,2,NULL,NULL,20454545,0,20454545,100,1,0,1,0,'CONSTRUCCIÓN DE DOS HABITACIONES , COCINA, UNIDAD SANITARIA, EN BLOQUE DE ARCILLA CON ESTRUCTURA EN CONCRETO REFORZADO',1,'0000-00-00 00:00:00','0000-00-00 00:00:00',320),
	(99,99,'2016-01-01',99,1,2,NULL,NULL,20454545,0,20454545,100,1,0,1,0,'CONSTRUCCIÓN DE DOS HABITACIONES , COCINA, UNIDAD SANITARIA, EN BLOQUE DE ARCILLA CON ESTRUCTURA EN CONCRETO REFORZADO',1,'0000-00-00 00:00:00','0000-00-00 00:00:00',320),
	(100,100,'2016-01-01',100,1,2,NULL,NULL,20454545,0,20454545,100,1,0,1,0,'CONSTRUCCIÓN DE HABITACIÓN EN MAMPOSTERÍA CONFINADA ,CONSTRUCCIÓN DE  PISOS Y ENCHAPES DE LA VIVIENDA, SUMINISTRO E INSTALACIÓN  DE ORNAMENTACIÓN Y COMBO SANITARIO BLANCO',1,'0000-00-00 00:00:00','0000-00-00 00:00:00',320),
	(101,101,'2016-01-01',101,1,2,NULL,NULL,20454545,0,20454545,100,1,0,1,0,'CONSTRUCCION DE UNIDAD SANITARIA , PLACA DE PISO PERIMETRAL, PAÑETE GENERAL E INSTALACION DE CUBIERTA MASTERMIL PREPINTADA',1,'0000-00-00 00:00:00','0000-00-00 00:00:00',320),
	(102,102,'2016-01-01',102,1,2,NULL,NULL,20454545,0,20454545,100,1,0,1,0,'CONSTRUCCIÓN DE DOS HABITACIONES EN MAMPOSTERÍA CONFINADA CON BAÑO PRIVADO CADA UNA',1,'0000-00-00 00:00:00','0000-00-00 00:00:00',320),
	(103,103,'2016-01-01',103,1,2,NULL,NULL,20454545,0,20454545,100,1,0,1,0,'CONSTRUCCION DE ESTRUCTURA PARA TANQUE ELEVADO , HABITACION CON BA',1,'0000-00-00 00:00:00','0000-00-00 00:00:00',320),
	(104,104,'2016-01-01',104,1,2,NULL,NULL,20454546,0,20454546,100,1,0,1,0,' INSTALACION DE  CUBIERTA  NUEVA  EN TEJA MASTER MIL PREPINTADA,  INSTALACION DE  ENCHAPES EN PISO, ADECUACION DE UNIDADES SANITARIAS, PINTURA  GENERAL, REFORZAMIENTO DE MUROS ',1,'0000-00-00 00:00:00','0000-00-00 00:00:00',320),
	(105,69,'2017-03-15',105,2,2,NULL,NULL,3000000,0,0,0,0,0,1,0,'CRIA DE BOVINOS',1,'2017-03-15 14:54:01','2017-03-15 14:54:01',320),
	(106,105,'2017-04-04',105,1,2,NULL,NULL,2000000,0,0,0,0,0,1,0,'Subsidio de Prueba',1,'2017-04-04 14:12:12','2017-04-04 14:12:12',1),
	(107,70,'2017-06-01',474,2,2,NULL,NULL,20000000,2000000,0,0,0,0,1,0,'Ninguna',1,'2017-06-15 22:39:04','2017-06-15 22:39:04',38);

/*!40000 ALTER TABLE `subsidios` ENABLE KEYS */;
UNLOCK TABLES;


# Volcado de tabla subsidios_productivos
# ------------------------------------------------------------

DROP TABLE IF EXISTS `subsidios_productivos`;

CREATE TABLE `subsidios_productivos` (
  `id` int(11) NOT NULL AUTO_INCREMENT,
  `fecha_subsidio` date NOT NULL,
  `vr_aprobado` int(11) NOT NULL,
  `vr_ejecutado` int(11) NOT NULL,
  `porcentaje_ejecutado` float(8,0) NOT NULL,
  `id_usuario` int(11) NOT NULL,
  `id_estado` int(11) NOT NULL,
  `id_info_productivo` int(11) NOT NULL,
  PRIMARY KEY (`id`),
  KEY `Refusuarios75` (`id_usuario`),
  KEY `Refestados_subsidios76` (`id_estado`),
  KEY `Refinformacion_productivos77` (`id_info_productivo`)
) ENGINE=InnoDB DEFAULT CHARSET=utf8;



# Volcado de tabla subsidios_viviendas
# ------------------------------------------------------------

DROP TABLE IF EXISTS `subsidios_viviendas`;

CREATE TABLE `subsidios_viviendas` (
  `id` int(11) NOT NULL AUTO_INCREMENT,
  `fecha_subsidio` date NOT NULL,
  `vr_aprobado` int(11) NOT NULL,
  `vr_ejecutado` int(11) NOT NULL,
  `porcentaje_ejecutado` float(8,0) NOT NULL,
  `id_informacion` int(11) NOT NULL,
  `id_linea_vivienda` int(11) NOT NULL,
  `id_convenio` int(11) NOT NULL,
  `id_estado` int(11) NOT NULL,
  `id_usuario` int(11) NOT NULL,
  PRIMARY KEY (`id`),
  KEY `Refinformacion_viviendas70` (`id_informacion`),
  KEY `Reflineas_viviendas71` (`id_linea_vivienda`),
  KEY `Refconvenios72` (`id_convenio`),
  KEY `Refestados_subsidios73` (`id_estado`),
  KEY `Refusuarios74` (`id_usuario`)
) ENGINE=InnoDB DEFAULT CHARSET=utf8;



# Volcado de tabla subtipo_coberturas
# ------------------------------------------------------------

DROP TABLE IF EXISTS `subtipo_coberturas`;

CREATE TABLE `subtipo_coberturas` (
  `id` int(11) NOT NULL AUTO_INCREMENT,
  `subtipo_cobertura` varchar(100) NOT NULL,
  `id_tipo_cobertura` int(11) NOT NULL,
  PRIMARY KEY (`id`),
  KEY `Reftipo_coberturas88` (`id_tipo_cobertura`)
) ENGINE=InnoDB DEFAULT CHARSET=utf8;

LOCK TABLES `subtipo_coberturas` WRITE;
/*!40000 ALTER TABLE `subtipo_coberturas` DISABLE KEYS */;

INSERT INTO `subtipo_coberturas` (`id`, `subtipo_cobertura`, `id_tipo_cobertura`)
VALUES
	(1,'Perennes',4),
	(2,'Transitorios',4),
	(3,'Pastos nativos',1),
	(4,'Pastos mejorados',2),
	(5,'Rastrojo',3),
	(6,'Bosque humidícola',5),
	(7,'Pasto llanero',1),
	(8,'Brizanta',1),
	(9,'Pasto imperial',1),
	(10,'Pasto kingrass',1),
	(11,'Pasto pana',1),
	(12,'Pasto estrella',1),
	(13,'Pasto bombaza',1),
	(14,'Pasto guinea',1);

/*!40000 ALTER TABLE `subtipo_coberturas` ENABLE KEYS */;
UNLOCK TABLES;


# Volcado de tabla suplementos
# ------------------------------------------------------------

DROP TABLE IF EXISTS `suplementos`;

CREATE TABLE `suplementos` (
  `id` int(11) NOT NULL AUTO_INCREMENT,
  `suplemento` varchar(50) NOT NULL,
  PRIMARY KEY (`id`)
) ENGINE=InnoDB DEFAULT CHARSET=utf8;

LOCK TABLES `suplementos` WRITE;
/*!40000 ALTER TABLE `suplementos` DISABLE KEYS */;

INSERT INTO `suplementos` (`id`, `suplemento`)
VALUES
	(1,'Pastos'),
	(2,'Forraje'),
	(3,'Concentrado'),
	(4,'Sal'),
	(5,'Melaza'),
	(6,'Otros');

/*!40000 ALTER TABLE `suplementos` ENABLE KEYS */;
UNLOCK TABLES;


# Volcado de tabla tanques_elevados
# ------------------------------------------------------------

DROP TABLE IF EXISTS `tanques_elevados`;

CREATE TABLE `tanques_elevados` (
  `id` int(11) NOT NULL AUTO_INCREMENT,
  `id_material_tanque_elevado` int(11) NOT NULL,
  `id_informacion` int(11) NOT NULL,
  `id_estado_vivienda` int(11) NOT NULL,
  PRIMARY KEY (`id`),
  KEY `Refmateriales_tanques_elevados195` (`id_material_tanque_elevado`),
  KEY `Refinformacion_viviendas197` (`id_informacion`),
  KEY `Refestados_viviendas254` (`id_estado_vivienda`)
) ENGINE=InnoDB DEFAULT CHARSET=utf8;



# Volcado de tabla tanques_lavaderos
# ------------------------------------------------------------

DROP TABLE IF EXISTS `tanques_lavaderos`;

CREATE TABLE `tanques_lavaderos` (
  `id` int(11) NOT NULL AUTO_INCREMENT,
  `id_material_tanque_elevado` int(11) NOT NULL,
  `id_informacion` int(11) NOT NULL,
  `id_estado_vivienda` int(11) NOT NULL,
  `id_acabados_tanque` int(11) NOT NULL,
  PRIMARY KEY (`id`),
  KEY `Refmateriales_tanques_lavaderos196` (`id_material_tanque_elevado`),
  KEY `Refinformacion_viviendas198` (`id_informacion`),
  KEY `Refestados_viviendas199` (`id_estado_vivienda`),
  KEY `Refacabados_tanques225` (`id_acabados_tanque`)
) ENGINE=InnoDB DEFAULT CHARSET=utf8;



# Volcado de tabla tenencia_tierras
# ------------------------------------------------------------

DROP TABLE IF EXISTS `tenencia_tierras`;

CREATE TABLE `tenencia_tierras` (
  `id` int(11) NOT NULL AUTO_INCREMENT,
  `area_predio_has` int(11) NOT NULL,
  `ruta_documento` text,
  `id_informacion` int(11) DEFAULT NULL,
  `id_opcion` int(11) NOT NULL,
  `id_tipo_tenencia_tierras` int(11) DEFAULT NULL,
  `created_at` timestamp NULL DEFAULT NULL,
  `updated_at` timestamp NULL DEFAULT NULL,
  `id_productivo` int(11) DEFAULT NULL,
  PRIMARY KEY (`id`),
  KEY `Refopcion_tenencia_tierras157` (`id_opcion`),
  KEY `Refinformacion_viviendas24` (`id_informacion`)
) ENGINE=InnoDB DEFAULT CHARSET=utf8;

LOCK TABLES `tenencia_tierras` WRITE;
/*!40000 ALTER TABLE `tenencia_tierras` DISABLE KEYS */;

INSERT INTO `tenencia_tierras` (`id`, `area_predio_has`, `ruta_documento`, `id_informacion`, `id_opcion`, `id_tipo_tenencia_tierras`, `created_at`, `updated_at`, `id_productivo`)
VALUES
	(1,456,NULL,1,2,1,'2017-03-21 18:43:13','2017-03-21 18:43:13',NULL),
	(2,45,NULL,0,1,1,'2017-06-16 23:22:25','2017-06-16 23:22:25',1);

/*!40000 ALTER TABLE `tenencia_tierras` ENABLE KEYS */;
UNLOCK TABLES;


# Volcado de tabla tiempos_recorridos
# ------------------------------------------------------------

DROP TABLE IF EXISTS `tiempos_recorridos`;

CREATE TABLE `tiempos_recorridos` (
  `id` int(11) NOT NULL AUTO_INCREMENT,
  `tiempo_recorrido` varchar(100) NOT NULL,
  PRIMARY KEY (`id`)
) ENGINE=InnoDB DEFAULT CHARSET=utf8;

LOCK TABLES `tiempos_recorridos` WRITE;
/*!40000 ALTER TABLE `tiempos_recorridos` DISABLE KEYS */;

INSERT INTO `tiempos_recorridos` (`id`, `tiempo_recorrido`)
VALUES
	(1,'De 0 a 30 minutos'),
	(2,'De 30 a 60 minutos'),
	(3,'De 60 a 90 minutos'),
	(4,'Más de 90 minutos');

/*!40000 ALTER TABLE `tiempos_recorridos` ENABLE KEYS */;
UNLOCK TABLES;


# Volcado de tabla tipo_aves
# ------------------------------------------------------------

DROP TABLE IF EXISTS `tipo_aves`;

CREATE TABLE `tipo_aves` (
  `id` int(11) NOT NULL AUTO_INCREMENT,
  `tipo_ave` varchar(50) NOT NULL,
  PRIMARY KEY (`id`)
) ENGINE=InnoDB DEFAULT CHARSET=utf8;

LOCK TABLES `tipo_aves` WRITE;
/*!40000 ALTER TABLE `tipo_aves` DISABLE KEYS */;

INSERT INTO `tipo_aves` (`id`, `tipo_ave`)
VALUES
	(1,'Pollos'),
	(2,'Avestruces');

/*!40000 ALTER TABLE `tipo_aves` ENABLE KEYS */;
UNLOCK TABLES;


# Volcado de tabla tipo_bovinos
# ------------------------------------------------------------

DROP TABLE IF EXISTS `tipo_bovinos`;

CREATE TABLE `tipo_bovinos` (
  `id` int(11) NOT NULL AUTO_INCREMENT,
  `tipo_animal` varchar(50) NOT NULL,
  PRIMARY KEY (`id`)
) ENGINE=InnoDB DEFAULT CHARSET=utf8;

LOCK TABLES `tipo_bovinos` WRITE;
/*!40000 ALTER TABLE `tipo_bovinos` DISABLE KEYS */;

INSERT INTO `tipo_bovinos` (`id`, `tipo_animal`)
VALUES
	(1,'Terneros'),
	(2,'Terneras'),
	(3,'Novillos'),
	(4,'Novillas'),
	(5,'Vacas horras'),
	(6,'Vacas en ordeño'),
	(7,'Toros'),
	(8,'Toros reproductores');

/*!40000 ALTER TABLE `tipo_bovinos` ENABLE KEYS */;
UNLOCK TABLES;


# Volcado de tabla tipo_coberturas
# ------------------------------------------------------------

DROP TABLE IF EXISTS `tipo_coberturas`;

CREATE TABLE `tipo_coberturas` (
  `id` int(11) NOT NULL AUTO_INCREMENT,
  `tipo_cobertura` varchar(200) NOT NULL,
  PRIMARY KEY (`id`)
) ENGINE=InnoDB DEFAULT CHARSET=utf8;

LOCK TABLES `tipo_coberturas` WRITE;
/*!40000 ALTER TABLE `tipo_coberturas` DISABLE KEYS */;

INSERT INTO `tipo_coberturas` (`id`, `tipo_cobertura`)
VALUES
	(1,'Pastos nativos'),
	(2,'Pastos mejorados'),
	(3,'Rastrojo'),
	(4,'Cultivo'),
	(5,'Bosques');

/*!40000 ALTER TABLE `tipo_coberturas` ENABLE KEYS */;
UNLOCK TABLES;


# Volcado de tabla tipo_corral_especie
# ------------------------------------------------------------

DROP TABLE IF EXISTS `tipo_corral_especie`;

CREATE TABLE `tipo_corral_especie` (
  `id` int(11) NOT NULL AUTO_INCREMENT,
  `tipo_corral_especie` varchar(50) NOT NULL,
  PRIMARY KEY (`id`)
) ENGINE=InnoDB DEFAULT CHARSET=utf8;

LOCK TABLES `tipo_corral_especie` WRITE;
/*!40000 ALTER TABLE `tipo_corral_especie` DISABLE KEYS */;

INSERT INTO `tipo_corral_especie` (`id`, `tipo_corral_especie`)
VALUES
	(1,'Corral ganadería'),
	(2,'Corral avicultura'),
	(3,'Corral porcicultura');

/*!40000 ALTER TABLE `tipo_corral_especie` ENABLE KEYS */;
UNLOCK TABLES;


# Volcado de tabla tipo_corrales
# ------------------------------------------------------------

DROP TABLE IF EXISTS `tipo_corrales`;

CREATE TABLE `tipo_corrales` (
  `id` int(11) NOT NULL AUTO_INCREMENT,
  `tipo_corral` varchar(200) NOT NULL,
  `codigo` char(3) NOT NULL,
  `descripcion_tipo_corral` text NOT NULL,
  `id_tipo_corral_especie` int(11) NOT NULL,
  PRIMARY KEY (`id`),
  KEY `Reftipo_corral_especie272` (`id_tipo_corral_especie`)
) ENGINE=InnoDB DEFAULT CHARSET=utf8;

LOCK TABLES `tipo_corrales` WRITE;
/*!40000 ALTER TABLE `tipo_corrales` DISABLE KEYS */;

INSERT INTO `tipo_corrales` (`id`, `tipo_corral`, `codigo`, `descripcion_tipo_corral`, `id_tipo_corral_especie`)
VALUES
	(1,'SIN CERCA PERIMETRAL','G1','Predio pecuario que no cuenta con cerca perimetral para definir el área de la propiedad',1),
	(2,'CON CERCA PERIMETREAL','G2','Predio pecuario cuenta con cerca perimetral con lo cual se puede verificar los límites de la propiedad',1),
	(3,'CON DIVISION DE POTREROS','G3','Predio pecuario que tiene por lo menos dos potreros para el mantenimiento y alimentación de animales de abastos',1),
	(4,'REALIZACION DE ROTACION DE POTREROS','G4','Predio pecuario que realiza la rotación de potreros para aumentar la capacidad de carga del predio y el periodo de descanso',1),
	(5,'PASTOS MEJORADOS MAS DEL 50%','G5','Predio pecuario que tiene más del 50% de pastos mejorados en los potreros disponibles para el mantenimiento y alimentación de animales de abastos',1),
	(6,'CERCA CONVENCIONAL','G6','Predio pecuario que utiliza el sistema de cerca convencional con alambre de púas para contralar, restringir y manejar animales de abastos',1),
	(7,'CERCA ELECTRICA','G7','Predio pecuario que utiliza el sistema de Cerca Eléctrica para controlar restringir y manejar animales de abastos',1),
	(8,'BANCO FORRAJERO','G8','Predio pecuario que tiene para los animales un área de tierra con banco forrajero para el suplemento alimenticio y fuente de proteína para los animales de abastos',1),
	(9,'CORRAL SIN TECHO','G9','Predio pecuario que posee un corral para el manejo animal y brindar bienestar animal pero no cuenta con techo o cubierta',1),
	(10,'CORRAL CON BRETE SIN TECHO','G10','Predio pecuario que posee un corral y brete para el manejo animal y brindar bienestar animal pero no cuenta con techo o cubierta',1),
	(11,'CORRAL CON TECHO','G11','Predio pecuario que posee un corral para el manejo animal y brindar bienestar animal provisto de techo o cubierta',1),
	(12,'CORRAL CON PISO ','G12','Predio pecuario que posee un corral para el manejo animal y brindar bienestar animal provisto de piso de concreto',1),
	(13,'CORRAL CON BRETE Y BASCULA','G13','Predio pecuario que posee un corral para el manejo animal y brindar bienestar animal provisto de brete y bascula',1),
	(14,'ELABORACION DE SUPLEMENTOS ALIMENTICIO','G14','Predio pecuario en la cual se elaboran suplementos alimenticios como lo son bloques nutricionales, ensilaje, sales mineralizadas, concentrados, etc. Para la alimentación y suplementación animal',1),
	(15,'PROGRAMAS DE REPRODUCCION ANIMAL IATF','G15','Predio pecuario en el cual se realizas prácticas. De reproducción animal como son inseminación artificial a tiempo fijo, transferencia de embriones, evaluación andrológica y ginecológica y elaboración de pajillas',1),
	(16,'ESTAR CERTIFICADO BPG','G16','Predio pecuario que cuenta con el certificado de BPG',1),
	(17,'SIN GALPON','A1','Predio pecuario el cual no cuenta con un galpón para realizar la actividad de cría de aves postura o de engorde',2),
	(18,'CON GALPON','A2','Predio pecuario él cuenta con un galpón para la realización de la cría de aves de postura o de engorde',2),
	(19,'CON GALPON FUNCIONAL','A3','Sin descripción',2),
	(20,'CON BEBEDEROS Y COMEDEROS','A4','Predio pecuario que cuenta con galpón y dentro de su infraestructura cuenta con bebederos y comederos para la cría de aves',2),
	(21,'CON ESQUEMA DE BIOSEGURIDAD','A5','Predio pecuario que tiene como actividad la avicultura y que cuenta con un esquema de bioseguridad para prevenir la entrada de enfermedades dentro de la granja',2),
	(22,'CON BODEGA','A6','Predio pecuario que cuenta con una bodega para la conservación de forma correcta del concentrado, almacenamiento y clasificación del producto avícola',2),
	(23,'CON CLASIFICADORA DE HUEVO','A7','Predio pecuario que dentro de su s equipo cuenta con una clasificadora de huevos por peso',2),
	(24,'CON BENEFICIADERO DE AVES','A8','Predio pecuario que dentro de su infraestructura cuenta con un beneficiadero de aves de engorde',2),
	(25,'CON CERTIFICACION GAB DEL ICA','A9','Predio pecuario que cuenta con el certificado de GRANJA AVICOLA BIOSEGURA GAB. Entregada por el INSTITUTO COLOMBIANO AGROPECUARIO ICA',2),
	(26,'SIN COCHERA','P1','Predio pecuario que no cuenta con cochera para el mantenimiento de ganado porcino',3),
	(27,'CON COCHERA','P2','Predio pecuario que cuenta con cochera para el mantenimiento y alimentación de ganado porcino',3),
	(28,'CON COCHERA FUNCIONAL','P3','Predio pecuario que cuenta con cochera que cumple con todas la condiciones necesarias para el mantenimiento y alimentación de ganado porcino',3),
	(29,'CON BEBEDERO Y COMEDERO','P4','Predio pecuario que cuenta con bebederos y comederos para la cría de ganado porcino',3),
	(30,'ESQUEMA DE BIOSEGURIDAD','P5','Predio pecuario que sus actividades están determinadas por un esquema de bioseguridad donde se relacionan todas actividades que posee la granja porcina',3),
	(31,'CON BENEFICIADERO','P6','Predio pecuario que dentro de su infraestructura cuenta con un beneficiadero para el faenado del ganado porcino',3),
	(32,'CON PROTOCOLO DE MANEJO DE LA GRANJA','P7','Predio pecuario que cuenta con un protocolo de actividades de la granja y conocer las responsabilidades de cada una de estas acciones',3),
	(33,'CON CERTIFICACION DEL ICA','P8','Predio pecuario que cuenta con certificación sanitaria emitida por el INSTITUTO COLOMBIANO AGROPECUARIO ICA',3);

/*!40000 ALTER TABLE `tipo_corrales` ENABLE KEYS */;
UNLOCK TABLES;


# Volcado de tabla tipo_cubiertas
# ------------------------------------------------------------

DROP TABLE IF EXISTS `tipo_cubiertas`;

CREATE TABLE `tipo_cubiertas` (
  `id` int(11) NOT NULL AUTO_INCREMENT,
  `tipo_cubierta` varchar(100) NOT NULL,
  PRIMARY KEY (`id`)
) ENGINE=InnoDB DEFAULT CHARSET=utf8;

LOCK TABLES `tipo_cubiertas` WRITE;
/*!40000 ALTER TABLE `tipo_cubiertas` DISABLE KEYS */;

INSERT INTO `tipo_cubiertas` (`id`, `tipo_cubierta`)
VALUES
	(1,'Eternit'),
	(2,'Zinc'),
	(3,'Master mil o arquitectónica'),
	(4,'En palma'),
	(5,'Lona'),
	(6,'Plástico'),
	(7,'Otro'),
	(8,'Ninguna');

/*!40000 ALTER TABLE `tipo_cubiertas` ENABLE KEYS */;
UNLOCK TABLES;


# Volcado de tabla tipo_documentos
# ------------------------------------------------------------

DROP TABLE IF EXISTS `tipo_documentos`;

CREATE TABLE `tipo_documentos` (
  `id` int(11) NOT NULL AUTO_INCREMENT,
  `tipo_documento` varchar(100) NOT NULL,
  PRIMARY KEY (`id`)
) ENGINE=InnoDB DEFAULT CHARSET=utf8;

LOCK TABLES `tipo_documentos` WRITE;
/*!40000 ALTER TABLE `tipo_documentos` DISABLE KEYS */;

INSERT INTO `tipo_documentos` (`id`, `tipo_documento`)
VALUES
	(1,'Cédula de ciudadanía');

/*!40000 ALTER TABLE `tipo_documentos` ENABLE KEYS */;
UNLOCK TABLES;


# Volcado de tabla tipo_fuentes_hidricas
# ------------------------------------------------------------

DROP TABLE IF EXISTS `tipo_fuentes_hidricas`;

CREATE TABLE `tipo_fuentes_hidricas` (
  `id` int(11) NOT NULL AUTO_INCREMENT,
  `tipo_fuentes_hidricas` varchar(100) DEFAULT NULL,
  PRIMARY KEY (`id`)
) ENGINE=InnoDB DEFAULT CHARSET=utf8;

LOCK TABLES `tipo_fuentes_hidricas` WRITE;
/*!40000 ALTER TABLE `tipo_fuentes_hidricas` DISABLE KEYS */;

INSERT INTO `tipo_fuentes_hidricas` (`id`, `tipo_fuentes_hidricas`)
VALUES
	(1,'Río'),
	(2,'Caño'),
	(3,'Abrevadero'),
	(4,'Aljibe'),
	(5,'Pozo profundo'),
	(6,'Acueducto'),
	(7,'Distrito de riego'),
	(8,'Ninguno');

/*!40000 ALTER TABLE `tipo_fuentes_hidricas` ENABLE KEYS */;
UNLOCK TABLES;


# Volcado de tabla tipo_muros
# ------------------------------------------------------------

DROP TABLE IF EXISTS `tipo_muros`;

CREATE TABLE `tipo_muros` (
  `id` int(11) NOT NULL AUTO_INCREMENT,
  `tipo_muro` varchar(100) NOT NULL,
  PRIMARY KEY (`id`)
) ENGINE=InnoDB DEFAULT CHARSET=utf8;

LOCK TABLES `tipo_muros` WRITE;
/*!40000 ALTER TABLE `tipo_muros` DISABLE KEYS */;

INSERT INTO `tipo_muros` (`id`, `tipo_muro`)
VALUES
	(1,'Bloque'),
	(2,'Ladrillo'),
	(3,'Adobe'),
	(4,'Lámina de superboard'),
	(5,'Eterboard'),
	(6,'Madera'),
	(7,'Zinc'),
	(8,'Lona'),
	(9,'Plástico'),
	(10,'Otro'),
	(11,'Ninguna');

/*!40000 ALTER TABLE `tipo_muros` ENABLE KEYS */;
UNLOCK TABLES;


# Volcado de tabla tipo_personas_cargos
# ------------------------------------------------------------

DROP TABLE IF EXISTS `tipo_personas_cargos`;

CREATE TABLE `tipo_personas_cargos` (
  `id` int(11) NOT NULL AUTO_INCREMENT,
  `tipo_persona` varchar(30) NOT NULL,
  PRIMARY KEY (`id`)
) ENGINE=InnoDB DEFAULT CHARSET=utf8;

LOCK TABLES `tipo_personas_cargos` WRITE;
/*!40000 ALTER TABLE `tipo_personas_cargos` DISABLE KEYS */;

INSERT INTO `tipo_personas_cargos` (`id`, `tipo_persona`)
VALUES
	(1,'Hijos'),
	(2,'Adulto mayor');

/*!40000 ALTER TABLE `tipo_personas_cargos` ENABLE KEYS */;
UNLOCK TABLES;


# Volcado de tabla tipo_pisos
# ------------------------------------------------------------

DROP TABLE IF EXISTS `tipo_pisos`;

CREATE TABLE `tipo_pisos` (
  `id` int(11) NOT NULL AUTO_INCREMENT,
  `tipo_piso` varchar(50) NOT NULL,
  PRIMARY KEY (`id`)
) ENGINE=InnoDB DEFAULT CHARSET=utf8;

LOCK TABLES `tipo_pisos` WRITE;
/*!40000 ALTER TABLE `tipo_pisos` DISABLE KEYS */;

INSERT INTO `tipo_pisos` (`id`, `tipo_piso`)
VALUES
	(1,'Piso enchapado o con acabados'),
	(2,'Piso en concreto esmaltado'),
	(3,'Piso en concreto rústico'),
	(4,'Piso en tierra');

/*!40000 ALTER TABLE `tipo_pisos` ENABLE KEYS */;
UNLOCK TABLES;


# Volcado de tabla tipo_plagas
# ------------------------------------------------------------

DROP TABLE IF EXISTS `tipo_plagas`;

CREATE TABLE `tipo_plagas` (
  `id` int(11) NOT NULL AUTO_INCREMENT,
  `tipo_plaga` varchar(100) NOT NULL,
  PRIMARY KEY (`id`)
) ENGINE=InnoDB DEFAULT CHARSET=utf8;



# Volcado de tabla tipo_producciones
# ------------------------------------------------------------

DROP TABLE IF EXISTS `tipo_producciones`;

CREATE TABLE `tipo_producciones` (
  `id` int(11) NOT NULL AUTO_INCREMENT,
  `tipo_produccion` varchar(50) NOT NULL,
  PRIMARY KEY (`id`)
) ENGINE=InnoDB DEFAULT CHARSET=utf8;

LOCK TABLES `tipo_producciones` WRITE;
/*!40000 ALTER TABLE `tipo_producciones` DISABLE KEYS */;

INSERT INTO `tipo_producciones` (`id`, `tipo_produccion`)
VALUES
	(1,'Cría'),
	(2,'Levante'),
	(3,'Ceba');

/*!40000 ALTER TABLE `tipo_producciones` ENABLE KEYS */;
UNLOCK TABLES;


# Volcado de tabla tipo_propiedades
# ------------------------------------------------------------

DROP TABLE IF EXISTS `tipo_propiedades`;

CREATE TABLE `tipo_propiedades` (
  `id` int(11) NOT NULL AUTO_INCREMENT,
  `tipo_propiedad` char(20) DEFAULT NULL,
  PRIMARY KEY (`id`)
) ENGINE=InnoDB DEFAULT CHARSET=utf8;

LOCK TABLES `tipo_propiedades` WRITE;
/*!40000 ALTER TABLE `tipo_propiedades` DISABLE KEYS */;

INSERT INTO `tipo_propiedades` (`id`, `tipo_propiedad`)
VALUES
	(1,'En propiedad'),
	(2,'En asociatividad');

/*!40000 ALTER TABLE `tipo_propiedades` ENABLE KEYS */;
UNLOCK TABLES;


# Volcado de tabla tipo_proyectos
# ------------------------------------------------------------

DROP TABLE IF EXISTS `tipo_proyectos`;

CREATE TABLE `tipo_proyectos` (
  `id` int(11) NOT NULL AUTO_INCREMENT,
  `tipo_proyecto` varchar(50) NOT NULL,
  PRIMARY KEY (`id`)
) ENGINE=InnoDB DEFAULT CHARSET=utf8;

LOCK TABLES `tipo_proyectos` WRITE;
/*!40000 ALTER TABLE `tipo_proyectos` DISABLE KEYS */;

INSERT INTO `tipo_proyectos` (`id`, `tipo_proyecto`)
VALUES
	(1,'Mejoramiento de suelos'),
	(2,'Mejoramiento de cercas'),
	(3,'Agricola'),
	(4,'Pecuario');

/*!40000 ALTER TABLE `tipo_proyectos` ENABLE KEYS */;
UNLOCK TABLES;


# Volcado de tabla tipo_rend_producciones
# ------------------------------------------------------------

DROP TABLE IF EXISTS `tipo_rend_producciones`;

CREATE TABLE `tipo_rend_producciones` (
  `id` int(11) NOT NULL AUTO_INCREMENT,
  `tipo_rendimiento_produccion` varchar(30) NOT NULL,
  PRIMARY KEY (`id`)
) ENGINE=InnoDB DEFAULT CHARSET=utf8;

LOCK TABLES `tipo_rend_producciones` WRITE;
/*!40000 ALTER TABLE `tipo_rend_producciones` DISABLE KEYS */;

INSERT INTO `tipo_rend_producciones` (`id`, `tipo_rendimiento_produccion`)
VALUES
	(1,'Destete'),
	(2,'Primer parto'),
	(3,'Novillo ceba'),
	(4,'Novilla ceba'),
	(5,'Vaca descarte'),
	(6,'Toro');

/*!40000 ALTER TABLE `tipo_rend_producciones` ENABLE KEYS */;
UNLOCK TABLES;


# Volcado de tabla tipo_subsidio_valor
# ------------------------------------------------------------

DROP TABLE IF EXISTS `tipo_subsidio_valor`;

CREATE TABLE `tipo_subsidio_valor` (
  `id` int(11) NOT NULL AUTO_INCREMENT,
  `valor` int(11) NOT NULL,
  `id_orden_servicio` int(11) NOT NULL,
  PRIMARY KEY (`id`)
) ENGINE=InnoDB DEFAULT CHARSET=latin1;



# Volcado de tabla tipo_subsidios
# ------------------------------------------------------------

DROP TABLE IF EXISTS `tipo_subsidios`;

CREATE TABLE `tipo_subsidios` (
  `id` int(11) NOT NULL AUTO_INCREMENT,
  `tipo_subsidio` varchar(100) NOT NULL,
  PRIMARY KEY (`id`)
) ENGINE=InnoDB DEFAULT CHARSET=latin1;

LOCK TABLES `tipo_subsidios` WRITE;
/*!40000 ALTER TABLE `tipo_subsidios` DISABLE KEYS */;

INSERT INTO `tipo_subsidios` (`id`, `tipo_subsidio`)
VALUES
	(1,'Subsidio de vivienda'),
	(2,'Subsidio de proyecto productivo');

/*!40000 ALTER TABLE `tipo_subsidios` ENABLE KEYS */;
UNLOCK TABLES;


# Volcado de tabla tipo_tenencia_tierras
# ------------------------------------------------------------

DROP TABLE IF EXISTS `tipo_tenencia_tierras`;

CREATE TABLE `tipo_tenencia_tierras` (
  `id` int(11) NOT NULL AUTO_INCREMENT,
  `tipo_tenencia` varchar(50) NOT NULL,
  PRIMARY KEY (`id`)
) ENGINE=InnoDB DEFAULT CHARSET=utf8;

LOCK TABLES `tipo_tenencia_tierras` WRITE;
/*!40000 ALTER TABLE `tipo_tenencia_tierras` DISABLE KEYS */;

INSERT INTO `tipo_tenencia_tierras` (`id`, `tipo_tenencia`)
VALUES
	(1,'Propia'),
	(2,'Arrendamiento'),
	(3,'Administración'),
	(4,'Compañía'),
	(5,'Otro tipo');

/*!40000 ALTER TABLE `tipo_tenencia_tierras` ENABLE KEYS */;
UNLOCK TABLES;


# Volcado de tabla tipo_unidades_sanitarias
# ------------------------------------------------------------

DROP TABLE IF EXISTS `tipo_unidades_sanitarias`;

CREATE TABLE `tipo_unidades_sanitarias` (
  `id` int(11) NOT NULL AUTO_INCREMENT,
  `tipo_unidad_sanitaria` varchar(100) NOT NULL,
  PRIMARY KEY (`id`)
) ENGINE=InnoDB DEFAULT CHARSET=utf8;

LOCK TABLES `tipo_unidades_sanitarias` WRITE;
/*!40000 ALTER TABLE `tipo_unidades_sanitarias` DISABLE KEYS */;

INSERT INTO `tipo_unidades_sanitarias` (`id`, `tipo_unidad_sanitaria`)
VALUES
	(1,'Interna'),
	(2,'Externa');

/*!40000 ALTER TABLE `tipo_unidades_sanitarias` ENABLE KEYS */;
UNLOCK TABLES;


# Volcado de tabla tipo_vacunas
# ------------------------------------------------------------

DROP TABLE IF EXISTS `tipo_vacunas`;

CREATE TABLE `tipo_vacunas` (
  `id` int(11) NOT NULL AUTO_INCREMENT,
  `tipo_vacuna` varchar(50) NOT NULL,
  PRIMARY KEY (`id`)
) ENGINE=InnoDB DEFAULT CHARSET=utf8;

LOCK TABLES `tipo_vacunas` WRITE;
/*!40000 ALTER TABLE `tipo_vacunas` DISABLE KEYS */;

INSERT INTO `tipo_vacunas` (`id`, `tipo_vacuna`)
VALUES
	(1,'Aftosa'),
	(2,'Brucelas'),
	(3,'Carbón sintomático');

/*!40000 ALTER TABLE `tipo_vacunas` ENABLE KEYS */;
UNLOCK TABLES;


# Volcado de tabla tipo_visitas
# ------------------------------------------------------------

DROP TABLE IF EXISTS `tipo_visitas`;

CREATE TABLE `tipo_visitas` (
  `id` int(11) NOT NULL AUTO_INCREMENT,
  `tipo_visita` varchar(100) NOT NULL,
  PRIMARY KEY (`id`)
) ENGINE=InnoDB DEFAULT CHARSET=latin1;

LOCK TABLES `tipo_visitas` WRITE;
/*!40000 ALTER TABLE `tipo_visitas` DISABLE KEYS */;

INSERT INTO `tipo_visitas` (`id`, `tipo_visita`)
VALUES
	(1,'Visita de seguimiento'),
	(2,'Visita de recibo de obra');

/*!40000 ALTER TABLE `tipo_visitas` ENABLE KEYS */;
UNLOCK TABLES;


# Volcado de tabla tipologias_familias
# ------------------------------------------------------------

DROP TABLE IF EXISTS `tipologias_familias`;

CREATE TABLE `tipologias_familias` (
  `id` int(11) NOT NULL AUTO_INCREMENT,
  `tipologia_familia` varchar(100) NOT NULL,
  PRIMARY KEY (`id`)
) ENGINE=InnoDB DEFAULT CHARSET=utf8;

LOCK TABLES `tipologias_familias` WRITE;
/*!40000 ALTER TABLE `tipologias_familias` DISABLE KEYS */;

INSERT INTO `tipologias_familias` (`id`, `tipologia_familia`)
VALUES
	(1,'Nuclear'),
	(2,'Extensa'),
	(3,'Recompuesta'),
	(4,'Uniparental materna'),
	(5,'Uniparental paterna'),
	(6,'Unipersonal');

/*!40000 ALTER TABLE `tipologias_familias` ENABLE KEYS */;
UNLOCK TABLES;


# Volcado de tabla tipos_mesones
# ------------------------------------------------------------

DROP TABLE IF EXISTS `tipos_mesones`;

CREATE TABLE `tipos_mesones` (
  `id` int(11) NOT NULL AUTO_INCREMENT,
  `tipo_meson` varchar(50) NOT NULL,
  PRIMARY KEY (`id`)
) ENGINE=InnoDB DEFAULT CHARSET=utf8;

LOCK TABLES `tipos_mesones` WRITE;
/*!40000 ALTER TABLE `tipos_mesones` DISABLE KEYS */;

INSERT INTO `tipos_mesones` (`id`, `tipo_meson`)
VALUES
	(1,'Concreto rústico'),
	(2,'Concreto esmaltado'),
	(3,'Enchapado'),
	(4,'En mármol');

/*!40000 ALTER TABLE `tipos_mesones` ENABLE KEYS */;
UNLOCK TABLES;


# Volcado de tabla tipos_vehiculos
# ------------------------------------------------------------

DROP TABLE IF EXISTS `tipos_vehiculos`;

CREATE TABLE `tipos_vehiculos` (
  `id` int(11) NOT NULL AUTO_INCREMENT,
  `tipo_vehiculo` varchar(100) NOT NULL,
  PRIMARY KEY (`id`)
) ENGINE=InnoDB DEFAULT CHARSET=utf8;

LOCK TABLES `tipos_vehiculos` WRITE;
/*!40000 ALTER TABLE `tipos_vehiculos` DISABLE KEYS */;

INSERT INTO `tipos_vehiculos` (`id`, `tipo_vehiculo`)
VALUES
	(1,'Bicicleta'),
	(2,'Moto'),
	(3,'Carro'),
	(4,'Caballo'),
	(5,'A pie'),
	(6,'Otro');

/*!40000 ALTER TABLE `tipos_vehiculos` ENABLE KEYS */;
UNLOCK TABLES;


# Volcado de tabla tipos_vias_accesos
# ------------------------------------------------------------

DROP TABLE IF EXISTS `tipos_vias_accesos`;

CREATE TABLE `tipos_vias_accesos` (
  `id` int(11) NOT NULL AUTO_INCREMENT,
  `tipo_via_acceso` varchar(50) NOT NULL,
  PRIMARY KEY (`id`)
) ENGINE=InnoDB DEFAULT CHARSET=utf8;

LOCK TABLES `tipos_vias_accesos` WRITE;
/*!40000 ALTER TABLE `tipos_vias_accesos` DISABLE KEYS */;

INSERT INTO `tipos_vias_accesos` (`id`, `tipo_via_acceso`)
VALUES
	(1,'Carretera pavimentada'),
	(2,'Carretera destapada'),
	(3,'Camino de herradura'),
	(4,'Otro');

/*!40000 ALTER TABLE `tipos_vias_accesos` ENABLE KEYS */;
UNLOCK TABLES;


# Volcado de tabla unidad_productos
# ------------------------------------------------------------

DROP TABLE IF EXISTS `unidad_productos`;

CREATE TABLE `unidad_productos` (
  `id` int(11) NOT NULL AUTO_INCREMENT,
  `unidad_producto` varchar(100) NOT NULL,
  `descripcion_unidad` varchar(100) NOT NULL,
  PRIMARY KEY (`id`)
) ENGINE=InnoDB DEFAULT CHARSET=utf8;

LOCK TABLES `unidad_productos` WRITE;
/*!40000 ALTER TABLE `unidad_productos` DISABLE KEYS */;

INSERT INTO `unidad_productos` (`id`, `unidad_producto`, `descripcion_unidad`)
VALUES
	(1,'UN','Unidades');

/*!40000 ALTER TABLE `unidad_productos` ENABLE KEYS */;
UNLOCK TABLES;


# Volcado de tabla unidades_familiares
# ------------------------------------------------------------

DROP TABLE IF EXISTS `unidades_familiares`;

CREATE TABLE `unidades_familiares` (
  `id` int(11) NOT NULL AUTO_INCREMENT,
  `nombres` varchar(100) NOT NULL,
  `apellidos` varchar(100) NOT NULL,
  `fecha_nacimiento` date NOT NULL,
  `actividad_predio` text NOT NULL,
  `otra_actividad_externa` text,
  `id_partentesco` int(11) NOT NULL,
  `id_nivel_educativo` char(1) NOT NULL,
  `id_permanencia` int(11) NOT NULL,
  `id_municipio` int(11) NOT NULL,
  `id_info_productivo` int(11) NOT NULL,
  `id_genero` char(1) NOT NULL,
  PRIMARY KEY (`id`),
  KEY `Refpermanencias82` (`id_permanencia`),
  KEY `Refmunicipios153` (`id_municipio`),
  KEY `Refinformacion_productivos159` (`id_info_productivo`),
  KEY `Refparentescos32` (`id_partentesco`),
  KEY `Refnivel_educativos34` (`id_nivel_educativo`),
  KEY `Refgeneros264` (`id_genero`)
) ENGINE=InnoDB DEFAULT CHARSET=utf8;



# Volcado de tabla unidades_ordenios
# ------------------------------------------------------------

DROP TABLE IF EXISTS `unidades_ordenios`;

CREATE TABLE `unidades_ordenios` (
  `id` int(11) NOT NULL AUTO_INCREMENT,
  `unidades_ordenio` varchar(50) NOT NULL,
  PRIMARY KEY (`id`)
) ENGINE=InnoDB DEFAULT CHARSET=utf8;

LOCK TABLES `unidades_ordenios` WRITE;
/*!40000 ALTER TABLE `unidades_ordenios` DISABLE KEYS */;

INSERT INTO `unidades_ordenios` (`id`, `unidades_ordenio`)
VALUES
	(1,'Litros'),
	(2,'Botellas');

/*!40000 ALTER TABLE `unidades_ordenios` ENABLE KEYS */;
UNLOCK TABLES;


# Volcado de tabla unidades_sanitarias
# ------------------------------------------------------------

DROP TABLE IF EXISTS `unidades_sanitarias`;

CREATE TABLE `unidades_sanitarias` (
  `id` int(11) NOT NULL AUTO_INCREMENT,
  `estructura_viga` char(2) NOT NULL,
  `estructura_columna` char(2) NOT NULL,
  `panete_interno` char(2) NOT NULL,
  `panete_externo` char(2) NOT NULL,
  `estuco` char(2) NOT NULL,
  `pintura` char(2) NOT NULL,
  `cantidad_puertas` int(11) NOT NULL,
  `cantidad_ventanas` int(11) NOT NULL,
  `observaciones` text,
  `id_estado_vivienda` int(11) NOT NULL,
  `id_informacion` int(11) NOT NULL,
  `id_tipo_muro` int(11) NOT NULL,
  `id_tipo_piso` int(11) NOT NULL,
  `id_tipo_cubierta` int(11) NOT NULL,
  `id_material_puertas` int(11) DEFAULT NULL,
  `id_material_ventanas` int(11) DEFAULT NULL,
  `id_tipo_unidad_sanitaria` int(11) NOT NULL,
  `tanque_elevado` tinyint(1) NOT NULL DEFAULT '0',
  `tanque_lavadero` tinyint(1) NOT NULL DEFAULT '0',
  `id_materiales_tanques_elevados` int(11) DEFAULT NULL,
  `id_materiales_tanques_lavaderos` int(11) DEFAULT NULL,
  `id_acabados_tanques_lavaderos` int(11) DEFAULT NULL,
  `muros_enchapado` tinyint(1) DEFAULT NULL,
  `nombre` varchar(100) DEFAULT NULL,
  `piso_deteriorado` tinyint(1) DEFAULT NULL,
  `created_at` timestamp NULL DEFAULT NULL,
  `updated_at` timestamp NULL DEFAULT NULL,
  `puertas` tinyint(1) DEFAULT NULL,
  `ventanas` tinyint(1) DEFAULT NULL,
  `id_tipo_visita` int(11) NOT NULL,
  PRIMARY KEY (`id`),
  KEY `Reftipo_unidades_sanitarias183` (`id_tipo_unidad_sanitaria`),
  KEY `Refestados_viviendas184` (`id_estado_vivienda`),
  KEY `Refinformacion_viviendas185` (`id_informacion`),
  KEY `Reftipo_muros188` (`id_tipo_muro`),
  KEY `Reftipo_pisos189` (`id_tipo_piso`),
  KEY `Reftipo_cubiertas190` (`id_tipo_cubierta`),
  KEY `Refmateriales_ventanas191` (`id_material_ventanas`),
  KEY `Refmateriales_puertas192` (`id_material_puertas`)
) ENGINE=InnoDB DEFAULT CHARSET=utf8;

LOCK TABLES `unidades_sanitarias` WRITE;
/*!40000 ALTER TABLE `unidades_sanitarias` DISABLE KEYS */;

INSERT INTO `unidades_sanitarias` (`id`, `estructura_viga`, `estructura_columna`, `panete_interno`, `panete_externo`, `estuco`, `pintura`, `cantidad_puertas`, `cantidad_ventanas`, `observaciones`, `id_estado_vivienda`, `id_informacion`, `id_tipo_muro`, `id_tipo_piso`, `id_tipo_cubierta`, `id_material_puertas`, `id_material_ventanas`, `id_tipo_unidad_sanitaria`, `tanque_elevado`, `tanque_lavadero`, `id_materiales_tanques_elevados`, `id_materiales_tanques_lavaderos`, `id_acabados_tanques_lavaderos`, `muros_enchapado`, `nombre`, `piso_deteriorado`, `created_at`, `updated_at`, `puertas`, `ventanas`, `id_tipo_visita`)
VALUES
	(1,'1','1','1','1','1','0',2,2,'Esta Bien, como mejorcita!!',2,1,2,2,2,3,3,1,1,1,2,3,2,0,'',1,'2017-03-27 23:14:59','2017-03-27 23:17:56',1,1,1);

/*!40000 ALTER TABLE `unidades_sanitarias` ENABLE KEYS */;
UNLOCK TABLES;


# Volcado de tabla uso_praderas
# ------------------------------------------------------------

DROP TABLE IF EXISTS `uso_praderas`;

CREATE TABLE `uso_praderas` (
  `id` int(11) NOT NULL AUTO_INCREMENT,
  `uso_praderas` varchar(50) NOT NULL,
  PRIMARY KEY (`id`)
) ENGINE=InnoDB DEFAULT CHARSET=utf8;

LOCK TABLES `uso_praderas` WRITE;
/*!40000 ALTER TABLE `uso_praderas` DISABLE KEYS */;

INSERT INTO `uso_praderas` (`id`, `uso_praderas`)
VALUES
	(1,'Libre pastoreo'),
	(2,'Alterno');

/*!40000 ALTER TABLE `uso_praderas` ENABLE KEYS */;
UNLOCK TABLES;


# Volcado de tabla usuarios
# ------------------------------------------------------------

DROP TABLE IF EXISTS `usuarios`;

CREATE TABLE `usuarios` (
  `id` int(11) NOT NULL AUTO_INCREMENT,
  `nombre_usuario` varchar(100) NOT NULL,
  `email` varchar(200) NOT NULL,
  `password` text NOT NULL,
  `estado` char(1) NOT NULL,
  `id_perfil` int(11) NOT NULL,
  `remember_token` varchar(100) CHARACTER SET utf8 COLLATE utf8_unicode_ci DEFAULT NULL,
  `created_at` timestamp NOT NULL DEFAULT '0000-00-00 00:00:00',
  `updated_at` timestamp NOT NULL DEFAULT '0000-00-00 00:00:00',
  PRIMARY KEY (`id`),
  KEY `Refperfiles78` (`id_perfil`)
) ENGINE=InnoDB DEFAULT CHARSET=utf8;

LOCK TABLES `usuarios` WRITE;
/*!40000 ALTER TABLE `usuarios` DISABLE KEYS */;

INSERT INTO `usuarios` (`id`, `nombre_usuario`, `email`, `password`, `estado`, `id_perfil`, `remember_token`, `created_at`, `updated_at`)
VALUES
	(1,'Oscar Javier Olivos','ojolivos@gmail.com','$2y$10$YiqYF2uSi/us43bXJKR9jObqGvXXuR8eeRZdl4HJM0BMdBm8o/BCm','1',1,'hz8WUGvflW4Fw97dUaCcgJBeyc8gLvlXKolO7CTSaABG7rLTO03iztpSdtXA','0000-00-00 00:00:00','2017-07-29 15:32:23'),
	(2,'Oscar Javier Olivos','ojolivos@gmail.com','$2y$10$6XThbsu9lu.LBvMDj3CFcOtKXteTWAvl5YLWnoH/NZtPQwGy.wwta','1',1,NULL,'0000-00-00 00:00:00','0000-00-00 00:00:00');

/*!40000 ALTER TABLE `usuarios` ENABLE KEYS */;
UNLOCK TABLES;


# Volcado de tabla veredas
# ------------------------------------------------------------

DROP TABLE IF EXISTS `veredas`;

CREATE TABLE `veredas` (
  `id` int(11) NOT NULL AUTO_INCREMENT,
  `vereda` varchar(100) NOT NULL,
  `id_municipio` int(11) NOT NULL,
  `id_campo` int(11) unsigned NOT NULL,
  PRIMARY KEY (`id`),
  KEY `Refmunicipios1` (`id_municipio`)
) ENGINE=InnoDB DEFAULT CHARSET=utf8;

LOCK TABLES `veredas` WRITE;
/*!40000 ALTER TABLE `veredas` DISABLE KEYS */;

INSERT INTO `veredas` (`id`, `vereda`, `id_municipio`, `id_campo`)
VALUES
	(1,'LA VIRGEN',85230,1),
	(2,'LA INDEPENDENCIA',85230,4),
	(3,'EL MEDANO',85230,4),
	(4,'AGUAVERDE',85230,4),
	(5,'EL ALGARROBO',85230,4),
	(6,'MARIARA',85230,4),
	(7,'SAN RAFAEL DE GUIRRIPA',85230,4),
	(8,'LA LIBERTAD',85230,4),
	(9,'CLAVELES',85230,4),
	(10,'MACUCUANA',85230,4),
	(11,'MIRALINDO',85230,4),
	(12,'INDIGENA EL SUSPIRO',85230,4),
	(13,'CAMPO ALEGRE',85230,4),
	(14,'LA UNION',85230,4),
	(15,'EL DUYA',85230,4),
	(16,'SURIMENA',85230,4),
	(17,'CARRIZALES',85230,4),
	(18,'LA ESMERALDA',85230,4),
	(19,'LA CULEBRA',85230,4),
	(20,'LA COLONIA',85230,4),
	(21,'PARAVARE',85230,4),
	(22,'GUARIMENA',85230,4),
	(23,'INDIGENA SALADILLO',85230,4),
	(24,'VENTUROSA',85230,4),
	(25,'BRISAS DE MARE MARE',85230,4),
	(26,'INDIGENA EL CONSEJO',85230,4),
	(27,'SAN JUANITO',85230,4),
	(28,'PALMARITO',85230,4),
	(29,'REMOLINO',85230,4),
	(30,'CASCO URBANO',85230,4),
	(31,'CARACARO',85230,4),
	(32,'CUMACO',85230,4),
	(33,'LA PRADERA',85230,4),
	(34,'LA PALMITA',85230,4),
	(35,'BUENOS AIRES BAJO',85440,4),
	(36,'PUERTO MIRIAN',85440,1),
	(37,'EL FICAL',85440,4),
	(38,'BUENOS AIRES ALTO',85440,1),
	(39,'CAIMAN BAJO',85440,4),
	(40,'FLOR AMARILLO',85440,4),
	(41,'CAIMAN ALTO',85440,4),
	(42,'LA LIBERTAD',85440,4),
	(43,'CARACOLI',85440,4),
	(44,'CASCO URBANO',85440,4),
	(45,'LA CAMARGA-LECHEMIEL',85440,4),
	(46,'EL TRIUNFO',85440,4),
	(47,'PUERTO ROSALES',85440,4),
	(48,'EL HORQUETON',85440,4),
	(49,'EL ENCANTO',85440,4),
	(50,'LA COMARCA',85440,4),
	(51,'LA COLMENA',85440,4),
	(52,'AEROPUERTO LA BASTILLA',85440,4),
	(53,'LAS MERCEDES',85440,4),
	(54,'BANQUETAS',85440,4),
	(55,'SOCOCH”',85001,4),
	(56,'TIZAG¡',85001,4),
	(57,'EL PLAYON',85001,4),
	(58,'SANTA BARBARA',85001,4),
	(59,'EL PROGRESO',85001,4),
	(60,'EL PALMAR',85001,4),
	(61,'LOS ACEITES',85001,4),
	(62,'ARACAL',85001,4),
	(63,'MATA DE LIMON',85001,4),
	(64,'EL MORRO',85001,4),
	(65,'LA CHAPARRERA',85001,4),
	(66,'MARROQUÕN',85001,4),
	(67,'PLANADAS',85001,4),
	(68,'FLORE—A',85001,4),
	(69,'LAGUNAS',85001,4),
	(70,'NARANJITOS',85001,4),
	(71,'LA PATIMENA',85001,4),
	(72,'CRAVO',85001,4),
	(73,'EL PERICO',85001,4),
	(74,'PALO BAJITO',85001,4),
	(75,'SAN ANTONIO',85001,4),
	(76,'LA LIBERTAD',85001,4),
	(77,'LA RESERVA',85001,4),
	(78,'LA CABA—A',85001,4),
	(79,'GUAMALERA',85001,4),
	(80,'VILLA DEL CARMEN',85001,4),
	(81,'GUAYAQUITO',85001,4),
	(82,'EL GAQUE',85001,4),
	(83,'BARBASCOS',85001,4),
	(84,'LA NIATA',85001,4),
	(85,'LA COLORADA',85001,4),
	(86,'ARAGUANEY',85001,4),
	(87,'EL PORVENIR',85001,4),
	(88,'EL BAJO',85001,4),
	(89,'CAGUI CHARTE',85001,4),
	(90,'LA VEGA',85001,4),
	(91,'TALADRO',85001,4),
	(92,'SAN CRISTOBAL',85001,4),
	(93,'CAGUI PRIMAVERA',85001,4),
	(94,'VOLCANERAS',85001,4),
	(95,'LA MANGA',85001,4),
	(96,'BRISAS DEL ORIENTE',85001,4),
	(97,'RINC”N DEL SOLDADO',85001,4),
	(98,'BUENA VISTA ALTA',85001,4),
	(99,'BRISAS DEL CRAVO',85001,4),
	(100,'SAN NICOLAS',85001,4),
	(101,'PALOMAS',85001,4),
	(102,'CAGUI ESPERANZA',85001,4),
	(103,'LA CALCETA',85001,4),
	(104,'BUENA VISTA BAJA',85001,4),
	(105,'TACARIMENA',85001,4),
	(106,'SIRIVANA',85001,4),
	(107,'CAGUI MILAGRO',85001,4),
	(108,'MANANTIALES',85001,4),
	(109,'EL TIETAL',85001,4),
	(110,'LA UNION',85001,4),
	(111,'SANTA FE DE MORICHAL',85001,4),
	(112,'RINC”N DEL MORICHE',85001,4),
	(113,'LA GUAFILLA',85001,4),
	(114,'JORD¡N',85001,4),
	(115,'EL GARZON',85001,4),
	(116,'EL AMPARO',85001,4),
	(117,'SAN RAFAEL',85001,4),
	(118,'EL NOCUITO',85001,4),
	(119,'EL CHARTE',85001,4),
	(120,'SAN PASCUAL',85001,4),
	(121,'PRIMERO DE MAYO',85001,4),
	(122,'BELLAVISTA',85001,4),
	(123,'EL ARENAL',85001,4),
	(124,'BARBILLAL',85001,4),
	(125,'PUNTO NUEVO',85001,4),
	(126,'EL MILAGRO',85001,4),
	(127,'ALEMANIA',85001,4),
	(128,'TILODIRAN',85001,4),
	(129,'PALOMAS AGUA VERDE',85001,4),
	(130,'YOPITOS',85001,4),
	(131,'GUACHARACAL',85001,4),
	(132,'LA ARENOSA',85001,4),
	(133,'SAN JOS… DE CA—O SECO',85001,4),
	(134,'LA ARGELIA',85001,4),
	(135,'MATE PALMA',85001,4),
	(136,'QUEBRADASECA',85001,4),
	(137,'LA PORFIA',85001,4),
	(138,'MATA NEGRA',85001,4),
	(139,'LA DEFENSA',85001,4),
	(140,'LA MAPORA',85001,4),
	(141,'EL MANGO',85001,4),
	(142,'GAVIOTAS AGUA VERDE',85001,4),
	(143,'CASCO URBANO',85001,4),
	(144,'UPAMENA',85001,4),
	(145,'GUAYAQUE',85001,4),
	(146,'PICON-ARENAL',85001,4),
	(147,'PI—ALITO',85010,4),
	(148,'ALTAMIRA',85010,4),
	(149,'SAN RAFAEL',85010,4),
	(150,'BELLA VISTA',85010,4),
	(151,'AGUA LINDA',85010,4),
	(152,'LA GRACIELA',85010,4),
	(153,'RETIRO MILAGRO',85010,4),
	(154,'CUNAMA',85010,4),
	(155,'ALTO CUNAMA',85010,4),
	(156,'VOLCAN BLANCO',85010,4),
	(157,'LA FLORIDA',85010,4),
	(158,'PLAN CUNAMA',85010,4),
	(159,'SAN IGNACIA',85010,4),
	(160,'IGUAMENA',85010,4),
	(161,'UNION CHARTE',85010,4),
	(162,'EL GUINEO',85010,4),
	(163,'SAN BENITO',85010,4),
	(164,'EL TRIUNFO',85010,4),
	(165,'UNETE',85010,4),
	(166,'CUPIAGUA',85010,4),
	(167,'CUPIAGUA ALTO',85010,4),
	(168,'RINCON DEL VIJUA',85010,4),
	(169,'EL PARAISO',85010,4),
	(170,'MONTERRALO',85010,4),
	(171,'LA VEGANA',85010,4),
	(172,'MANOGUIA',85010,4),
	(173,'LOS LIRIOS',85010,4),
	(174,'CUARTO UNETE',85010,4),
	(175,'VALLE VERDE',85010,4),
	(176,'GUADUALES',85010,4),
	(177,'SAN LORENZO',85010,4),
	(178,'LOS LAURELES',85010,4),
	(179,'EL SALITRE',85010,4),
	(180,'EL RINCON DE LA ESMERALDA',85010,4),
	(181,'SAN JOSE',85010,4),
	(182,'ATALAYAS',85010,4),
	(183,'SEVILLA',85010,4),
	(184,'LA UNION',85010,4),
	(185,'CACHIZA',85010,4),
	(186,'SAN MIGUEL DE FARALLONES',85010,4),
	(187,'GUADALCANAL',85010,4),
	(188,'EL RINCON DEL BUBUY',85010,4),
	(189,'RIO CHIQUITO',85010,4),
	(190,'PRIMAVERA',85010,4),
	(191,'CERRITO',85010,4),
	(192,'UPAMENA',85010,4),
	(193,'TURUA',85010,4),
	(194,'ISLA TURBAYISTA',85010,4),
	(195,'LA ESPERANZA',85010,4),
	(196,'PALO SOLO',85010,4),
	(197,'GUADUALITO',85010,4),
	(198,'LLANO LINDO',85010,4),
	(199,'LA VICTORIA',85010,4),
	(200,'TESORO BUBUY',85010,4),
	(201,'ALTO LINDO',85010,4),
	(202,'PUENTE CUSIANA',85010,4),
	(203,'ZONA URBANA',85010,4),
	(204,'LA ESMERALDA',85010,4),
	(205,'TUNUPE',85410,4),
	(206,'CARUPANA',85410,4),
	(207,'PIÑALITO',85410,1),
	(208,'COROCITO',85410,1),
	(209,'LA URAMA',85410,1),
	(210,'LA ESMERALDA',85410,4),
	(211,'VIGIA TROMPILLOS',85410,1),
	(212,'EL GUIRA',85410,1),
	(213,'LA LUCHA',85410,1),
	(214,'CUERNA VACA',85410,4),
	(215,'RAIZAL',85410,4),
	(216,'DELICIAS',85410,4),
	(217,'CHITAMENA BAJO',85410,4),
	(218,'GUICHIRE',85410,4),
	(219,'BATALLERA',85410,4),
	(220,'CHITAMENA ALTO',85410,4),
	(221,'VILLA ROSA',85410,4),
	(222,'YAGUAROS',85410,4),
	(223,'IQUIA',85410,4),
	(224,'PALMAR',85410,4),
	(225,'EL OSO',85410,4),
	(226,'AGUAMACO',85410,4),
	(227,'MONSERRATE LA VEGA',85410,4),
	(228,'BENDICIONES',85410,4),
	(229,'MONSERRATE ALTO',85410,4),
	(230,'JAGUITO',85410,4),
	(231,'ZAMBO',85410,4),
	(232,'SAN JOSE',85410,4),
	(233,'GUAFAL',85410,4),
	(234,'VISINACA',85410,4),
	(235,'LAGUNITAS',85410,4),
	(236,'CHAPARRAL',85410,4),
	(237,'PASO CUSIANA',85410,4),
	(238,'AGUABLANCA',85410,4),
	(239,'CABA—AS',85410,4),
	(240,'JUVE',85410,4),
	(241,'AREA EN CONFLICTO',85410,4),
	(242,'El CACICAL',85410,4),
	(243,'ACEITE',85410,4),
	(244,'CASCO URBANO',85410,4),
	(245,'LAS GARZAS',85400,4),
	(246,'LA ZUQUIA',85400,4),
	(247,'LAS GUACAMAYAS',85400,4),
	(248,'LAGUNAS',85400,4),
	(249,'SAN PEDRO',85400,4),
	(250,'ECCE HOMO',85400,4),
	(251,'LA PRIMAVERA',85400,4),
	(252,'TABLON DE TAMARA',85400,4),
	(253,'LA VICTORIA',85400,4),
	(254,'TABLONCITO',85400,4),
	(255,'LAS ISABELES',85400,4),
	(256,'VILLA DEL ROSARIO',85400,4),
	(257,'EL CEIBO',85400,4),
	(258,'SANTA HELENA',85400,4),
	(259,'LA LAJA',85400,4),
	(260,'CRUZ VERDE',85400,4),
	(261,'EL ALTON',85400,4),
	(262,'PERIMETRO URBANO',85400,4),
	(263,'GUASEQUE',85400,4),
	(264,'SANTO DOMINGO',85400,4),
	(265,'LA FLOR',85400,4),
	(266,'LOMA REDONDA',85400,4),
	(267,'QUEBRADA HONDA',85400,4),
	(268,'BRISAS DEL PAUTO',85400,4),
	(269,'PICACHA',85400,4),
	(270,'LA GUCHUVA',85400,4),
	(271,'GUAYABAL',85400,4),
	(272,'LA FRAGUA',85400,4),
	(273,'ALTO GRANDE',85400,4),
	(274,'EL BUJIO',85400,4),
	(275,'EL CHAPARRAL',85400,4),
	(276,'PIEDRANCHA',85400,4),
	(277,'LAS MESAS',85400,4),
	(278,'CUNETE',85400,4),
	(279,'LLANO PEREZ',85400,4),
	(280,'LAS DELICIAS',85400,4),
	(281,'CHITACOTE',85400,4),
	(282,'UNE',85400,4),
	(283,'EL ARIPORO',85400,4),
	(284,'TEISLANDIA',85400,4),
	(285,'EL ZULIA',85400,4),
	(286,'CAMPO HERMOSO',85400,4),
	(287,'SAN CAYETANO',85400,4),
	(288,'LA FLORIDA',85400,4),
	(289,'LA GUARAQUE',85400,4),
	(290,'EL AGUAJAL',85400,4),
	(291,'CIZAREQUE',85400,4),
	(292,'AGUA BLANCA',85400,4),
	(293,'COROCITO',85400,4),
	(294,'BARRONEGRO',85400,4),
	(295,'LA PALMA',85315,4),
	(296,'RESGUARDO INDIGENA',85315,4),
	(297,'MONSERRATE',85300,4),
	(298,'EL CARMEN',85300,4),
	(299,'SAN ANTONIO',85300,4),
	(300,'CASCO URBANO',85300,4),
	(301,'PUERTO NUEVO',85300,4),
	(302,'SAN JOAQUIN',85300,4),
	(303,'PALMICHAL',85300,4),
	(304,'CA—O BLANCO',85300,4),
	(305,'BOTIJERA BAJA',85300,4),
	(306,'SAN PEDRO',85300,4),
	(307,'QUINCHALERA',85300,4),
	(308,'GILE—A',85300,4),
	(309,'BOTIJERA ALTA',85300,4),
	(310,'LA COLINA',85300,4),
	(311,'ZELANDIA',85300,4),
	(312,'CA—O BARROSO',85300,4),
	(313,'CINIO',85300,4),
	(314,'AGUACALIENTE',85300,4),
	(315,'PI—ALERA',85300,4),
	(316,'PLANADAS',85300,4),
	(317,'BRISAS DEL PAUTO',85263,4),
	(318,'MIRALINDO',85263,4),
	(319,'REGALITO',85263,4),
	(320,'CAFIFIES',85263,3),
	(321,'LA PLATA',85263,4),
	(322,'CURIMINA',85263,4),
	(323,'MATALARGA',85263,4),
	(324,'SAN ISIDRO',85263,4),
	(325,'LA MACOYA',85263,4),
	(326,'LA MAPORA',85263,4),
	(327,'SAN RAFAEL',85263,4),
	(328,'EL BANCO',85263,4),
	(329,'AGUALINDA',85263,4),
	(330,'EL VERDE',85263,4),
	(331,'ALTAMIRA',85263,4),
	(332,'VIJAGUAL',85263,4),
	(333,'RAMON NONATO',85263,4),
	(334,'BOCAS DE PORE',85263,4),
	(335,'CASCO URBANO',85263,4),
	(336,'LA SEQUI',85263,4),
	(337,'GUANABANAS',85263,4),
	(338,'LA CURAMA',85263,4),
	(339,'GUACHIRIA',85263,4),
	(340,'TASAJERAS',85263,4),
	(341,'LA JASSE',85263,4),
	(342,'LOS ALPES',85263,4),
	(343,'MANIROTES',85250,4),
	(344,'LA SOLEDAD C— GARZA',85250,4),
	(345,'SAN ESTEBAN',85250,2),
	(346,'CENTRO GAITAN',85250,4),
	(347,'EL BORAL',85250,4),
	(348,'PLAYITAS',85250,4),
	(349,'LA HERMOSA',85250,4),
	(350,'LA LIBERTAD',85250,4),
	(351,'SAN JOSE DE LA LOPERA',85250,2),
	(352,'CANALETE',85250,4),
	(353,'EL CARIBE',85250,4),
	(354,'CA—O CHIQUITO',85250,4),
	(355,'LABRANCITAS',85250,4),
	(356,'BRITO ALTO',85250,4),
	(357,'NORMANDIA',85250,2),
	(358,'LAS GAVIOTAS',85250,4),
	(359,'ELVECIA',85250,4),
	(360,'LA MESA',85250,4),
	(361,'RINCON HONDO',85250,4),
	(362,'LA ESPERANZA',85250,4),
	(363,'CA—ADOTES',85250,4),
	(364,'TEN LLANO',85250,4),
	(365,'BRISAS DEL BEBEDERO',85250,4),
	(366,'EL MUESE',85250,4),
	(367,'LA VEREMOS',85250,4),
	(368,'LA PALMA',85250,4),
	(369,'JAGUITO',85250,4),
	(370,'BARRANCA',85250,4),
	(371,'EL DESIERTO',85250,2),
	(372,'PALOSANTAL',85250,4),
	(373,'LA PALMITA',85250,4),
	(374,'LA BENDICION DE LOS TRONCOS',85250,4),
	(375,'LA AGUADA',85250,4),
	(376,'CARRASTOL',85250,4),
	(377,'LA PERAL',85250,4),
	(378,'SABANETAS',85250,4),
	(379,'LAS MERCEDES',85250,4),
	(380,'LA UNION CANDELARIA ALTA',85250,4),
	(381,'LLANO DE PAEZ',85250,4),
	(382,'LA CANDELARIA',85250,4),
	(383,'LOS CAMORUCOS',85250,4),
	(384,'LAS GUAMAS',85250,4),
	(385,'EL PORVENIR',85250,4),
	(386,'LA POTOSI',85250,4),
	(387,'SANTA MARTA',85250,4),
	(388,'RISARALDA AGUAS CLARAS',85250,4),
	(389,'MONTA—AS DEL TOTUMO',85250,4),
	(390,'SAN LUIS DEL ARIPORO',85250,4),
	(391,'LA MOTUZ',85250,4),
	(392,'LA COLOMBINA',85250,4),
	(393,'MORICHALES',85250,4),
	(394,'RESGUARDO INDIGENA',85250,4),
	(395,'PUERTO BRASILIA',85250,4),
	(396,'VARSOVIA',85250,4),
	(397,'PERIMETRO URBANO',85250,4),
	(398,'LA VIRGEN',85230,4),
	(399,'LA INDEPENDENCIA',85230,4),
	(400,'R.I EL MEDANO',85230,4),
	(401,'AGUAVERDE',85230,4),
	(402,'EL ALGARROBO',85230,4),
	(403,'MARIARA',85230,4),
	(404,'SAN RAFAEL DE GUIRRIPA',85230,4),
	(405,'LA LIBERTAD',85230,4),
	(406,'CLAVELES',85230,4),
	(407,'R.I MACUCUANA',85230,4),
	(408,'MIRALINDO',85230,4),
	(409,'R.I INDIGENA EL SUSPIRO',85230,4),
	(410,'CAMPO ALEGRE',85230,4),
	(411,'LA UNION',85230,4),
	(412,'R.I EL DUYA',85230,4),
	(413,'SURIMENA',85230,4),
	(414,'CARRIZALES',85230,4),
	(415,'LA ESMERALDA',85230,4),
	(416,'LA CULEBRA',85230,4),
	(417,'LA COLONIA',85230,4),
	(418,'R.I PARAVARE',85230,4),
	(419,'GUARIMENA',85230,4),
	(420,'R.I INDIGENA SALADILLO',85230,4),
	(421,'VENTUROSA',85230,4),
	(422,'BRISAS DE MARE MARE',85230,4),
	(423,'R.I INDIGENA EL CONSEJO',85230,4),
	(424,'R.I SAN JUANITO',85230,4),
	(425,'PALMARITO',85230,4),
	(426,'REMOLINO',85230,4),
	(427,'CASCO URBANO',85230,4),
	(428,'CARACARO',85230,4),
	(429,'CUMACO',85230,4),
	(430,'LA PRADERA',85230,4),
	(431,'LA PALMITA',85230,4),
	(432,'GUAYABAL',85162,4),
	(433,'PI—ALERA',85162,4),
	(434,'TIERRA GRATA',85162,4),
	(435,'TACUYA',85162,4),
	(436,'PALMIRA',85162,4),
	(437,'PALONEGRO',85162,4),
	(438,'VILLACAROLA',85162,4),
	(439,'IGUARO',85162,4),
	(440,'ISIMENA',85162,4),
	(441,'GARRABAL',85162,4),
	(442,'GUAFAL',85162,4),
	(443,'MARENAO',85162,4),
	(444,'LA VIGIA',85162,4),
	(445,'BELLAVISTA',85162,4),
	(446,'BARBASCO',85162,4),
	(447,'BRISAS DEL LLANO',85162,4),
	(448,'CASICAL',85162,4),
	(449,'PORVENIR',85162,4),
	(450,'GUADUALITO',85162,4),
	(451,'EL TESORO',85162,4),
	(452,'CA—O RICO',85162,4),
	(453,'TIGRANA',85162,4),
	(454,'AREA URBANA',85162,4),
	(455,'BUENAVISTA',85162,4),
	(456,'JORDAN ALTO',85015,4),
	(457,'JORDAN BAJO',85015,4),
	(458,'SAN RAFAEL',85015,4),
	(459,'MONGUI',85015,4),
	(460,'BRISAS DEL TONCE',85015,4),
	(461,'CENTRO NORTE',85015,4),
	(462,'MUNDO VIEJO',85015,4),
	(463,'PROVIDENCIA',85015,4),
	(464,'BARRIALES',85015,4),
	(465,'TEGUITA ALTA',85015,4),
	(466,'TEGUITA BAJA',85015,4),
	(467,'LA PALMA',85015,4),
	(468,'CENTRO SUR',85015,4),
	(469,'CHUYAGUA',85015,4),
	(470,'SINAGAZA',85015,4),
	(471,'GURUVITA',85015,4),
	(472,'CHINIVAQUE',85136,4),
	(473,'RIO NEGRO',85136,4),
	(474,'LOS COLORADOS',85136,4),
	(475,'QUEBRADA NEGRA',85136,4),
	(476,'PAPAYOS',85136,4),
	(477,'EL ARENAL',85136,4),
	(478,'RODRICOQUE',85136,4),
	(479,'EL CENTRO',85136,4),
	(480,'QUEBRADANEGRA',85315,4),
	(481,'GUIVARIN',85315,4),
	(482,'MONTEOLIVO',85315,4),
	(483,'MACUEQUE',85315,4),
	(484,'SABANALARGA',85315,4),
	(485,'SINAI',85315,4),
	(486,'LA COLORADA',85315,4),
	(487,'R. I. CHAPARRAL-BARRONEGRO',85315,4),
	(488,'LA CASIRVA',85315,4),
	(489,'LA PORFIA',85139,4),
	(490,'EL VISO',85139,4),
	(491,'LA MAPORA',85139,4),
	(492,'LA ARMENIA',85139,4),
	(493,'LA CONSIGNA',85139,4),
	(494,'MATEPI—A',85139,4),
	(495,'MARARABE',85139,4),
	(496,'CORALIA',85139,4),
	(497,'EL PROGRESO',85139,4),
	(498,'BABEA',85139,4),
	(499,'LAS BRISAS',85139,4),
	(500,'BELGRADO',85139,4),
	(501,'CABECERA MUNICIPAL',85139,4),
	(502,'LAS ISLAS',85139,4),
	(503,'MUNDO NUEVO',85139,4),
	(504,'PASO REAL DE GUARIMENA',85139,4),
	(505,'COREA',85139,4),
	(506,'LA FRONTERA',85139,4),
	(507,'GARIBAY',85139,4),
	(508,'CHAVINAVE',85139,4),
	(509,'LA GUINEA',85139,4),
	(510,'SANTA MARIA',85139,4),
	(511,'SAN HELENA',85139,4),
	(512,'GUAYANAS',85139,4),
	(513,'CAMPANERO',85139,4),
	(514,'EL LIMONAL',85139,4),
	(515,'GUAFAL',85139,4),
	(516,'LA POYATA',85139,4),
	(517,'GUAMAL',85139,4),
	(518,'LA LLANERITA',85139,4),
	(519,'MACUCO',85139,4),
	(520,'EL AMPARO',85139,4),
	(521,'EL SOCORRO',85139,4),
	(522,'MATA PALO',85430,4),
	(523,'EL VALLE',85430,4),
	(524,'GUAMAL',85430,4),
	(525,'EL MILAGRO',85430,4),
	(526,'POZO PETROLERO',85430,4),
	(527,'EL CAIMAN',85430,4),
	(528,'SAN PEDRO',85430,4),
	(529,'EL PALITO',85430,4),
	(530,'TRINIDAD',85430,4),
	(531,'BUCARE',85430,4),
	(532,'LA CA—ADA',85430,4),
	(533,'SANTA MARTHA',85430,4),
	(534,'PASO REAL DE LA SOLEDAD',85430,4),
	(535,'CHAPARRITO',85430,4),
	(536,'SAN JOAQUIN',85430,4),
	(537,'GUASIMAL',85430,4),
	(538,'EL CALVARIO',85430,4),
	(539,'BELGICA',85430,4),
	(540,'LOS CHOCHOS',85430,4),
	(541,'LA ESPERANZA',85430,4),
	(542,'SAN VICENTE',85430,4),
	(543,'MATA DE VAQUERO',85430,4),
	(544,'LA MORITA',85430,4),
	(545,'PALMARITO',85430,4),
	(546,'EL TORO',85430,4),
	(547,'EL CONVENTO',85430,4),
	(548,'EL PALMAR',85430,4),
	(549,'LA REFORMA',85430,4),
	(550,'LA UNION DE COJOMU',85430,4),
	(551,'CARDONCITO',85430,4),
	(552,'SAN IRENE',85430,4),
	(553,'ARRAYANES',85430,4),
	(554,'LAGUNITAS',85430,4),
	(555,'PORVENIR DE GUACHIRIA',85430,4),
	(556,'LOS PATOS',85430,4),
	(557,'ZAMBRANERO',85430,4),
	(558,'CAFIFI',85430,4),
	(559,'BOCAS DE PAUTO',85430,4),
	(560,'HATO BARLEY',85410,4),
	(561,'SANTA MARIA DEL LORO',85430,4),
	(562,'GUARACURAS',85325,4),
	(563,'PUENTE GANDUL',85325,4),
	(564,'MIRARMAR DE GUANAPALO',85325,4),
	(565,'MATA DE SANTO',85325,4),
	(566,'MALINO',85325,4),
	(567,'BOCAS DE ULERE',85325,4),
	(568,'EL CAIMAN',85325,4),
	(569,'RIVERITA',85325,4),
	(570,'SANTA TERESA',85325,4),
	(571,'EL TIGRE',85325,4),
	(572,'PLATANALES',85325,4),
	(573,'LA VENTUROSA',85325,4),
	(574,'LA NEVERA',85325,4),
	(575,'ARENITAS',85325,4),
	(576,'SAN FRANCISCO',85325,4),
	(577,'SAMAN',85325,4),
	(578,'BENDICI”N',85325,4),
	(579,'LOS PATOS',85325,4),
	(580,'LAS CANAS',85325,4),
	(581,'SANTA ANA',85325,4),
	(582,'PALESTINA',85325,4),
	(583,'LA SELVA',85325,4),
	(584,'PALMARITO',85325,4),
	(585,'PIRICHIGUA',85325,4),
	(586,'MORICHAL',85325,4),
	(587,'EL MEREY',85325,4),
	(588,'MACUCO',85325,4),
	(589,'SANTA HERCILIA',85325,4),
	(590,'CABUYARO',85325,4),
	(591,'SAN RAFAEL DE GUANAPALO',85325,4),
	(592,'EL SOCORRO',85325,4),
	(593,'ESPERANZA',85325,4),
	(594,'GARRANCHO',85325,4),
	(595,'GAVIOTAS',85325,4),
	(596,'LAS CALLES',85325,4),
	(597,'EL ROMERO',85325,4),
	(598,'PALMAR DE GUANAPALO',85325,4),
	(599,'LOS JAGUEYES',85325,4),
	(600,'BARQUERE—A',85325,4),
	(601,'SIRIVANA',85325,4),
	(602,'ALGODONALES',85325,4),
	(603,'CRISTO REY',85325,4),
	(604,'ALTOGRACIA',85125,4),
	(605,'ALTAMIRA',85125,4),
	(606,'ARICOPORO',85125,4),
	(607,'BERLIN',85125,4),
	(608,'CAMELIAS',85125,4),
	(609,'CASA ROJA',85125,4),
	(610,'CHIRE',85125,4),
	(611,'COROCITO',85125,4),
	(612,'CORRALITO',85125,4),
	(613,'EL BANCO DE BUENOS AIRES',85125,4),
	(614,'EL BRILLANTE',85125,4),
	(615,'EL CAFE',85125,4),
	(616,'EL CAJARO',85125,4),
	(617,'EL CEDRAL',85125,4),
	(618,'EL CILANTRAL',85125,4),
	(619,'GUAFAL',85125,4),
	(620,'EL OSO',85125,4),
	(621,'EL PORVENIR',85125,4),
	(622,'EL RUBI',85125,4),
	(623,'EL SARRAPIO',85125,4),
	(624,'EL SUNI',85125,4),
	(625,'EL VISO',85125,4),
	(626,'SAMUCO',85125,4),
	(627,'GUAYUREME',85125,4),
	(628,'LA ALEMANIA',85125,4),
	(629,'LA ARGENTINA',85125,4),
	(630,'LA CAPILLA',85125,4),
	(631,'LA CHAPA',85125,4),
	(632,'LA FLORIDA',85125,4),
	(633,'LA MANGA',85125,4),
	(634,'MARAURE',85125,4),
	(635,'LA NUEVA LIBERTAD',85125,4),
	(636,'LA REFORMA',85125,4),
	(637,'LA RESERVA',85125,4),
	(638,'LA VEREMOS',85125,4),
	(639,'LAS CRUCES',85125,4),
	(640,'LAS ENRRAMADAS',85125,4),
	(641,'LAS MERCEDES',85125,4),
	(642,'LAS PALMAS',85125,4),
	(643,'LAS TAPIAS',85125,4),
	(644,'LAS TIJERAS',85125,4),
	(645,'LLANO GRANDE',85125,4),
	(646,'LOS SITIOS',85125,4),
	(647,'MANARE',85125,4),
	(648,'MATAPALITO',85125,4),
	(649,'MIRAVALLES',85125,4),
	(650,'PUEBLO NUEVO',85125,4),
	(651,'PUENTE CASANARE',85125,4),
	(652,'PUERTO COLOMBIA',85125,4),
	(653,'ROSA BLANCA',85125,4),
	(654,'SAN JOSE DEL ARIPORO',85125,4),
	(655,'SAN LUIS DEL ARICAPORO',85125,4),
	(656,'SAN NICOLAS',85125,4),
	(657,'SAN RAFAEL',85125,4),
	(658,'SANTA BARBARA',85125,4),
	(659,'SANTA MARIA DEL CHIRE',85125,4),
	(660,'SANTA MARIA DE CASANARE',85125,4),
	(661,'SANTA RITA',85125,4),
	(662,'SANTA TERESA',85125,4),
	(663,'VILLA JULIA',85125,4),
	(664,'VILLA NUEVA',85125,4),
	(665,'GUANAPALO',85225,4),
	(666,'CAUCHO',85225,4),
	(667,'SIRIVANIA',85225,4),
	(668,'COREA',85225,4),
	(669,'PRETEXTO',85225,4),
	(670,'MACUCO',85225,4),
	(671,'ROMERO',85225,4),
	(672,'CONCHAL',85225,4),
	(673,'PALMIRA',85225,4),
	(674,'BARRANQUILLA',85225,4),
	(675,'CAZADERO',85225,4),
	(676,'CA—O HONDO',85225,4),
	(677,'TACARE',85225,4),
	(678,'RENDENCION',85225,4),
	(679,'GUACHARACAS',85225,4),
	(680,'YOPALOSA',85225,4),
	(681,'CA—AS',85225,4),
	(682,'VILLA PLAYON',85225,4),
	(683,'PLAYON DE TACARE',85225,4),
	(684,'SANTA CRUZ',85225,4),
	(685,'PLAZUELAS',85225,4),
	(686,'PRIMAVERA',85225,4),
	(687,'COFRADIA',85225,4),
	(688,'PALMITA',85225,4),
	(689,'VEGA DE TACARE',85225,4),
	(690,'PIEDECUESTA',85225,4),
	(691,'LA CAPILLA',85225,4),
	(692,'PEDREGAL',85225,4),
	(693,'SAN MARTIN',85225,4),
	(694,'VIJAGUAL',85225,4),
	(695,'BUENAVISTA',85225,4),
	(696,'MAGUITO',85225,4),
	(697,'PALMARITO',85225,4),
	(698,'LA VIRGEN',85225,4),
	(699,'MORALITO',85225,4),
	(700,'BETANIA',85225,4),
	(701,'BUENOS AIRES',85225,4),
	(702,'ALTO TAMURIA',85225,4),
	(703,'TAMURIA',85225,4),
	(704,'BARBACOAS',85225,4),
	(705,'EL SUNCE',85279,4),
	(706,'COMOGO',85279,4),
	(707,'PIAGUATA',85279,4),
	(708,'VEGON',85279,4),
	(709,'VIJAGUAL',85279,4),
	(710,'EL VIJUA PUEBLO NUEVO',85279,4),
	(711,'EL VIVE',85279,4),
	(712,'MAGAVITA BAJA',85279,4),
	(713,'MAGAVITA ALTA',85279,4),
	(714,'SAN JOSE',85279,4),
	(715,'LOS ALPES',85279,4),
	(716,'SAN RAFAEL',85279,4),
	(717,'CERRO RICO',85279,4),
	(718,'SAN FRANCISCO',85279,4),
	(719,'VOLCANES',85279,4),
	(720,'MARACAGU',85279,4),
	(721,'SANTA RITA',85440,4),
	(722,'VEGAS DEL UPIA',85440,4),
	(723,'ISLA EL AMPARO',85440,4),
	(724,'BUENOS AIRES',85440,4),
	(725,'PIÑALITO ALTO',85410,1),
	(726,'CARIBAYONA',85440,1),
	(727,'NORMANDIA SECTOR BUSACA',85250,2),
	(728,'BORAL SECTOR SIMÓN BOLIVAR',85250,3),
	(729,'BORAL SECTOR GUASIMAL',85250,3),
	(730,'BORAL SECTOR EL SOCORRO',85250,3);

/*!40000 ALTER TABLE `veredas` ENABLE KEYS */;
UNLOCK TABLES;


# Volcado de tabla visitas
# ------------------------------------------------------------

DROP TABLE IF EXISTS `visitas`;

CREATE TABLE `visitas` (
  `id` int(11) NOT NULL AUTO_INCREMENT,
  `fecha` date NOT NULL,
  `observaciones` text NOT NULL,
  `id_tipo_visita` int(11) NOT NULL,
  `id_subsidio` int(11) NOT NULL,
  PRIMARY KEY (`id`)
) ENGINE=InnoDB DEFAULT CHARSET=latin1;

LOCK TABLES `visitas` WRITE;
/*!40000 ALTER TABLE `visitas` DISABLE KEYS */;

INSERT INTO `visitas` (`id`, `fecha`, `observaciones`, `id_tipo_visita`, `id_subsidio`)
VALUES
	(1,'2016-01-01','DIVISION DE POTRERO',2,1),
	(2,'2016-01-01','BANCO FORRAJERO',2,2),
	(3,'2016-01-01','DIVISION DE POTRERO',2,3),
	(4,'2016-01-01','DIVISION DE POTRERO',2,4),
	(5,'2016-01-01','MEJORAMIENTO DE PRADERA',2,5),
	(6,'2016-01-01','DIVISION DE POTRERO',2,6),
	(7,'2016-01-01','CONSTRUCCION DE PORQUERIZA',2,7),
	(8,'2016-01-01','ESPECIES MENORES (CRIA DE POLLO DFE ENGORDE)',2,8),
	(9,'2016-01-01','ESPECIES MENORES (CRIA DE POLLO DFE ENGORDE)',2,9),
	(10,'2016-01-01','ESPECIES MENORES (CRIA DE POLLO DFE ENGORDE)',2,10),
	(11,'2016-01-01','ESTABLECIMIENTO DE MAIZ FORRAJERO',2,11),
	(12,'2016-01-01','CULTIVO DE PIÑA GOLD',2,12),
	(13,'2016-01-01','CULTIVO DE PIÑA GOLD',2,13),
	(14,'2016-01-01','CULTIVO DE PIÑA GOLD',2,14),
	(15,'2016-01-01','CULTIVO DE PIÑA GOLD',2,15),
	(16,'2016-01-01','CULTIVO DE PIÑA GOLD',2,16),
	(17,'2016-01-01','CULTIVO DE PIÑA GOLD',2,17),
	(18,'2016-01-01','CULTIVO DE PIÑA GOLD',2,18),
	(19,'2016-01-01','CULTIVO DE PIÑA GOLD',2,19),
	(20,'2016-01-01','CULTIVO DE PIÑA GOLD',2,20),
	(21,'2016-01-01','FORTALECIMIENTO DE CORRAL',2,21),
	(22,'2016-01-01','DIVISION DE POTRERO',2,22),
	(23,'2016-01-01','DIVISION DE POTRERO',2,23),
	(24,'2016-01-01','DIVISION DE POTRERO',2,24),
	(25,'2016-01-01','DIVISION DE POTRERO',2,25),
	(26,'2016-01-01','DIVISION DE POTRERO',2,26),
	(27,'2016-01-01','DIVISION DE POTRERO',2,27),
	(28,'2016-01-01','DIVISION DE POTRERO',2,28),
	(29,'2016-01-01','DIVISION DE POTRERO',2,29),
	(30,'2016-01-01','DIVISION DE POTRERO',2,30),
	(31,'2016-01-01','CORRAL GANADERO',2,31),
	(32,'2016-01-01','CORRAL GANADERO (BRETE Y BASCULA ELECTRONICA)',2,32),
	(33,'2016-01-01','DIVISION DE POTRERO',2,33),
	(34,'2016-01-01','CORRAL GANADERO',2,34),
	(35,'2016-01-01','CORRAL GANADERO',2,35),
	(36,'2016-01-01','CORRAL GANADERO',2,36),
	(37,'2016-01-01','CORRAL GANADERO',2,37),
	(38,'2016-01-01','FORTALECIMIENTO CULTIVO DE MAIZ',2,38),
	(39,'2016-01-01','FORTALECIFIENTO CULTIVO DE PLATANO',2,39),
	(40,'2016-01-01','FORTALECIFIENTO CULTIVO DE PLATANO',2,40),
	(41,'2016-01-01','FORTALECIMIENTO MAQUINARIA AGRICOLA',2,41),
	(42,'2016-01-01','FORTALECIMIENTO CULTIVO DE ARROZ',2,42),
	(43,'2016-01-01','FORTALECIMIENTO CULTIVO DE ARROZ',2,43),
	(44,'2016-01-01','FORTALECIMIENTO CULTIVO DE ARROZ',2,44),
	(45,'2016-01-01','FORTALECIMIENTO CULTIVO DE AHUYAMA',2,45),
	(46,'2016-01-01','FORTALECIMIENTO CULTIVO DE MAIZ',2,46),
	(47,'2016-01-01','FORTALECIMIENTO CULTIVO DE MAIZ',2,47),
	(48,'2016-01-01','FORTALECIFIENTO CULTIVO DE PLATANO',2,48),
	(49,'2016-01-01','FORTALECIMIENTO CULTIVO DE ARROZ',2,49),
	(50,'2016-01-01','FORTALECIMIENTO CULTIVO DE MAIZ',2,50),
	(51,'2016-01-01','FORTALECIFIENTO CULTIVO DE PLATANO',2,51),
	(52,'2016-01-01','FORTALECIFIENTO CULTIVO DE PLATANO',2,52),
	(53,'2016-01-01','FORTALECIFIENTO CULTIVO DE PLATANO',2,53),
	(54,'2016-01-01','FORTALECIFIENTO CULTIVO DE PLATANO',2,54),
	(55,'2016-01-01','FORTALECIMIENTO AGROPECUARIO (AVES PONEDORA Y CULTIVO DE PLATANO)',2,55),
	(56,'2016-01-01','FORTALECIFIENTO CULTIVO DE PLATANO',2,56),
	(57,'2016-01-01','FORTALECIMIENTO CULTIVO DE ARROZ',2,57),
	(58,'2016-01-01','FORTALECIMIENTO DE ZONA SOCIAL GANADERA',2,58),
	(59,'2016-01-01','FORTALECIMIENTO CULTIVO DE ARROZ',2,59),
	(60,'2016-01-01','FORTALECIMIENTO CULTIVO DE ARROZ',2,60),
	(61,'2016-01-01','FORTALECIFIENTO CULTIVO DE PLATANO',2,61),
	(62,'2016-01-01','FORTALECIMIENTO CULTIVO DE ARROZ',2,62),
	(63,'2016-01-01','FORTALECIMIENTO CULTIVO DE ARROZ',2,63),
	(64,'2016-01-01','FORTALECIFIENTO CULTIVO DE PLATANO',2,64),
	(65,'2016-01-01','FORTALECIMIENTO CULTIVO DE MAIZ',2,65),
	(66,'2016-01-01','FORTALECIFIENTO CULTIVO DE PLATANO',2,66),
	(67,'2016-01-01','FORTALECIMIENTO CULTIVO DE PALMA DE ACEITE',2,67),
	(68,'2016-01-01','FORTALECIMIENTO CULTIVO DE ARROZ',2,68),
	(69,'2016-01-01','CONSTRUCCION DE HABITACION (AREA ALOJAMIENTO DE 10M *25M EN MAMPOSTERIA CONFINADA',2,70),
	(70,'2016-01-01','CAMBIO DE CUBIERTA ENCHAPE GENERAL DE PISO CONSTRUCCION DE COCINA Y ADECUACION DE UNIDAD SANITARIA',2,71),
	(71,'2016-01-01','CONSTRUCCION DE UNIDAD BASICA DE VIVIENDA(HABTACIONES, COCINA Y UNIDAD SANITARIA, EN MAMPOSTERIA CONFINADA',2,72),
	(72,'2016-01-01','CONSTRUCCIÓN DE UNIDAD BÁSICA DE VIVIENDA (HABITACIONES, COCINA Y UNIDAD SANITARIA, EN MAMPOSTERÍA CONFINADA.\n',2,73),
	(73,'2016-01-01','CONSTRUCCIÓN DE DOS HABITACIONES CON BAÑO PRIVADO DE 4 M *4 M CON ÁREA SOCIAL.\n',2,74),
	(74,'2016-01-01','CONSTRUCCIÓN DE DOS HABITACIONES CON BAÑO PRIVADO, CON ÁREA SOCIAL DE 24 M2 DE FRENTE, SUMINISTRO DE TUBO SANITARIO DE 9\" PARA DRENAJE DE AGUAS A LA ENTRADA DE LA PROPIEDAD, CONSTRUCCIÓN  DE PLACA EN CONCRETO.\n',2,75),
	(75,'2016-01-01','CONSTRUCCION DE UNIDAD BASICA DE VIVIENDA(HABTACIONES, COCINA Y UNIDAD SANITARIA, EN MAMPOSTERIA CONFINADA',2,76),
	(76,'2016-01-01','PAÑETE GENERAL SOBRE MURO EN BLOQUE, ENCHAPE GENERAL , INSTALACIÓN DE CUBIERTA EN TEJA ARQUITECTÓNICA CONSTRUCCIÓN DE UNIDAD SANITARIA.\n',2,77),
	(77,'2016-01-01','CONSTRUCCIÓN DE DOS HABITACIONES, COCINA, EN BLOQUE DE ARCILLA  CON ESTRUCTURA EN CONCRETO REFORZADO\n',2,78),
	(78,'2016-01-01','CONSTRUCCIÓN DE DOS HABITACIONES , COCINA, UNIDADES SANITARIAS CON TANQUE LAVADERO\n',2,79),
	(79,'2016-01-01','CONSTRUCCIÓN DE DOS HABITACIONES, COCINA, UNIDAD SANITARIA, EN BLOQUE CON ESTRUCTURA EN CONCRETO REFORZADO ',2,80),
	(80,'2016-01-01','CONSTRUCCIÓN DE ESTRUCTURA EN CONCRETO REFORZADO, MAMPOSTERÍA PLACA DE ENTREPISO EN BLOQUELON\n',2,81),
	(81,'2016-01-01','CCONSTRUCCIÓN DE UNIDAD BÁSICA DE VIVIENDA( HABITACIONES, COCINA Y UNIDAD SANITARIA, EN MAMPOSTERÍA CONFINADA\n',2,82),
	(82,'2016-01-01','CONSTRUCCION DE UNIDAD BASICA DE VIVIENDA(HABTACIONES, COCINA Y UNIDAD SANITARIA, EN MAMPOSTERIA CONFINADA',2,83),
	(83,'2016-01-01','CONSTRUCCION DE ESTRUCTURA EN CONCRETO REFORZADO PLACA DE ENTREPISO EN BLOQUELON',2,84),
	(84,'2016-01-01','CONSTRUCION DE TRES HABITACIONES , UNIDAD SANITARIA Y AREA SOCIAL',2,85),
	(85,'2016-01-01','ENCHAPE  GENERAL DE PISO , INSTALACIÓN DE CUBIERTA EN MASTER MIL PREPINTADA. ',2,86),
	(86,'2016-01-01','CONSTRUCCION DE UNIDAD BASICA DE VIVIENDA(HABTACIONES, COCINA Y UNIDAD SANITARIA, EN MAMPOSTERIA CONFINADA',2,87),
	(87,'2016-01-01','INSTALACION DE SISTEMA DE TRATAMIENTO PARA POTABILIZACION DE AGUA Y CONSTRUCCION DE DOS HABITACIONES Y AREA COMUN  FRENTE A  LAS MISMAS',2,88),
	(88,'2016-01-01','CONSTRUCCION DE HABITACIONES , COCINA, UNIDAD SANITARIA), EN BLOQUE DE ARCILLA CON ESTRUCTURA EN CONCRETO REFORZADO',2,89),
	(89,'2016-01-01','CONSTRUCCIÓN DE UNIDAD BÁSICA DE VIVIENDA( HABITACIONES, COCINA Y UNIDAD SANITARIA, EN MAMPOSTERÍA CONFINADA\n',2,90),
	(90,'2016-01-01','INSTALACION DE SISTEMA DE TRATAMIENTO PARA POTABILIZACION DE AGUA Y CONSTRUCCION DE DOS HABITACIONES Y AREA COMUN  FRENTE A  LAS MISMAS',2,91),
	(91,'2016-01-01','INSTALACIÓN  SISTEMA DE TRATAMIENTO  PARA POTABILIZAR AGUA , ENCHAPE DE PLACA PERIMETRALES DE LA VIVIENDA.\n',2,92),
	(92,'2016-01-01','CONSTRUCCIÓN DE 2 HABITACIONES EN MAMPOSTERÍA CONFINADA, PAÑETE GENERAL DE LA VIVIENDA Y LA CONSTRUCCIÓN DE UNA UNIDAD SANITARIA DE DOS CUERPOS.',2,93),
	(93,'2016-01-01','CONSTRUCCION Y ENCHAPE DE COCINA EN MAMPOSTERIA CONFINDA, CONSTRUCCIOY ENCHAPE AREA SOCIAL, PAÑETE GENERAL',2,94),
	(94,'2016-01-01','CONSTRUCCIÓN DE DOS HABITACIONES EN MAMPOSTERÍA CONFINAD, PAÑETE GENERAL DE LA VIVIENDA Y CONSTRUCCIÓN DE UNIDAD SANITARIA DE DOS CUERPOS.\n',2,95),
	(95,'2016-01-01','INSTALACIÓN DE CUBIERTA EN TEJA ARQUITECTÓNICA , CONSTRUCCIÓN DE POZO SÉPTICO , ADECUACIÓN DE UNIDADES SANITARIAS, ENCHAPE GENERAL , INSTALACIÓN DE PUERTAS Y VENTANAS EN MADERA\n',2,96),
	(96,'2016-01-01','REMODELACIÓN COCINA, CAMBIO DE CUBIERTA , PAÑETE Y PINTURA EN TODA LA VIVIENDA ENCHAPÉ GENERAL  Y ADECUACIÓN DE UNIDAD SANITARIA\n',2,97),
	(97,'2016-01-01','CONSTRUCCIÓN DE DOS HABITACIONES , COCINA, UNIDAD SANITARIA, EN BLOQUE DE ARCILLA CON ESTRUCTURA EN CONCRETO REFORZADO\n',2,98),
	(98,'2016-01-01','CONSTRUCCIÓN DE DOS HABITACIONES , COCINA, UNIDAD SANITARIA, EN BLOQUE DE ARCILLA CON ESTRUCTURA EN CONCRETO REFORZADO\n',2,99),
	(99,'2016-01-01','CONSTRUCCIÓN DE HABITACIÓN EN MAMPOSTERÍA CONFINADA, CONSTRUCCIÓN DE  PISOS Y ENCHAPES DE LA VIVIENDA, SUMINISTRO E INSTALACIÓN  DE ORNAMENTACIÓN Y COMBO SANITARIO BLANCO\n',2,100),
	(100,'2016-01-01','CONSTRUCCION DE UNIDAD SANITARIA , PLACA DE PISO PERIMETRAL, PAÑETE GENERAL E INSTALACION DE CUBIERTA MASTERMIL PREPINTADA',2,101),
	(101,'2016-01-01','CONSTRUCCIÓN DE DOS HABITACIONES EN MAMPOSTERÍA CONFINADA CON BAÑO PRIVADO CADA UNA\n',2,102),
	(102,'2016-01-01','CONSTRUCCION DE ESTRUCTURA PARA TANQUE ELEVADO , HABITACION CON BAÑO PRIVADO',2,103),
	(103,'2016-01-01',' INSTALACION DE  CUBIERTA  NUEVA  EN TEJA MASTER MIL PREPINTADA,  INSTALACION DE  ENCHAPES EN PISO, ADECUACION DE UNIDADES SANITARIAS, PINTURA  GENERAL, REFORZAMIENTO DE MUROS ',2,104),
	(104,'2016-01-01','DIVISION DE POTRERO',1,1),
	(105,'2016-01-01','BANCO FORRAJERO',1,2),
	(106,'2016-01-01','DIVISION DE POTRERO',1,3),
	(107,'2016-01-01','DIVISION DE POTRERO',1,4),
	(108,'2016-01-01','MEJORAMIENTO DE PRADERA',1,5),
	(109,'2016-01-01','DIVISION DE POTRERO',1,6),
	(110,'2016-01-01','CONSTRUCCION DE PORQUERIZA',1,7),
	(111,'2016-01-01','ESPECIES MENORES (CRIA DE POLLO DFE ENGORDE)',1,8),
	(112,'2016-01-01','ESPECIES MENORES (CRIA DE POLLO DFE ENGORDE)',1,9),
	(113,'2016-01-01','ESPECIES MENORES (CRIA DE POLLO DFE ENGORDE)',1,10),
	(114,'2016-01-01','ESTABLECIMIENTO DE MAIZ FORRAJERO',1,11),
	(115,'2016-01-01','CULTIVO DE PIÑA GOLD',1,12),
	(116,'2016-01-01','CULTIVO DE PIÑA GOLD',1,13),
	(117,'2016-01-01','CULTIVO DE PIÑA GOLD',1,14),
	(118,'2016-01-01','CULTIVO DE PIÑA GOLD',1,15),
	(119,'2016-01-01','CULTIVO DE PIÑA GOLD',1,16),
	(120,'2016-01-01','CULTIVO DE PIÑA GOLD',1,17),
	(121,'2016-01-01','CULTIVO DE PIÑA GOLD',1,18),
	(122,'2016-01-01','CULTIVO DE PIÑA GOLD',1,19),
	(123,'2016-01-01','CULTIVO DE PIÑA GOLD',1,20),
	(124,'2016-01-01','FORTALECIMIENTO DE CORRAL',1,21),
	(125,'2016-01-01','DIVISION DE POTRERO',1,22),
	(126,'2016-01-01','DIVISION DE POTRERO',1,23),
	(127,'2016-01-01','DIVISION DE POTRERO',1,24),
	(128,'2016-01-01','DIVISION DE POTRERO',1,25),
	(129,'2016-01-01','DIVISION DE POTRERO',1,26),
	(130,'2016-01-01','DIVISION DE POTRERO',1,27),
	(131,'2016-01-01','DIVISION DE POTRERO',1,28),
	(132,'2016-01-01','DIVISION DE POTRERO',1,29),
	(133,'2016-01-01','DIVISION DE POTRERO',1,30),
	(134,'2016-01-01','CORRAL GANADERO',1,31),
	(135,'2016-01-01','CORRAL GANADERO (BRETE Y BASCULA ELECTRONICA)',1,32),
	(136,'2016-01-01','DIVISION DE POTRERO',1,33),
	(137,'2016-01-01','CORRAL GANADERO',1,34),
	(138,'2016-01-01','CORRAL GANADERO',1,35),
	(139,'2016-01-01','CORRAL GANADERO',1,36),
	(140,'2016-01-01','CORRAL GANADERO',1,37),
	(141,'2016-01-01','FORTALECIMIENTO CULTIVO DE MAIZ',1,38),
	(142,'2016-01-01','FORTALECIFIENTO CULTIVO DE PLATANO',1,39),
	(143,'2016-01-01','FORTALECIFIENTO CULTIVO DE PLATANO',1,40),
	(144,'2016-01-01','FORTALECIMIENTO MAQUINARIA AGRICOLA',1,41),
	(145,'2016-01-01','FORTALECIMIENTO CULTIVO DE ARROZ',1,42),
	(146,'2016-01-01','FORTALECIMIENTO CULTIVO DE ARROZ',1,43),
	(147,'2016-01-01','FORTALECIMIENTO CULTIVO DE ARROZ',1,44),
	(148,'2016-01-01','FORTALECIMIENTO CULTIVO DE AHUYAMA',1,45),
	(149,'2016-01-01','FORTALECIMIENTO CULTIVO DE MAIZ',1,46),
	(150,'2016-01-01','FORTALECIMIENTO CULTIVO DE MAIZ',1,47),
	(151,'2016-01-01','FORTALECIFIENTO CULTIVO DE PLATANO',1,48),
	(152,'2016-01-01','FORTALECIMIENTO CULTIVO DE ARROZ',1,49),
	(153,'2016-01-01','FORTALECIMIENTO CULTIVO DE MAIZ',1,50),
	(154,'2016-01-01','FORTALECIFIENTO CULTIVO DE PLATANO',1,51),
	(155,'2016-01-01','FORTALECIFIENTO CULTIVO DE PLATANO',1,52),
	(156,'2016-01-01','FORTALECIFIENTO CULTIVO DE PLATANO',1,53),
	(157,'2016-01-01','FORTALECIFIENTO CULTIVO DE PLATANO',1,54),
	(158,'2016-01-01','FORTALECIMIENTO AGROPECUARIO (AVES PONEDORA Y CULTIVO DE PLATANO)',1,55),
	(159,'2016-01-01','FORTALECIFIENTO CULTIVO DE PLATANO',1,56),
	(160,'2016-01-01','FORTALECIMIENTO CULTIVO DE ARROZ',1,57),
	(161,'2016-01-01','FORTALECIMIENTO DE ZONA SOCIAL GANADERA',1,58),
	(162,'2016-01-01','FORTALECIMIENTO CULTIVO DE ARROZ',1,59),
	(163,'2016-01-01','FORTALECIMIENTO CULTIVO DE ARROZ',1,60),
	(164,'2016-01-01','FORTALECIFIENTO CULTIVO DE PLATANO',1,61),
	(165,'2016-01-01','FORTALECIMIENTO CULTIVO DE ARROZ',1,62),
	(166,'2016-01-01','FORTALECIMIENTO CULTIVO DE ARROZ',1,63),
	(167,'2016-01-01','FORTALECIFIENTO CULTIVO DE PLATANO',1,64),
	(168,'2016-01-01','FORTALECIMIENTO CULTIVO DE MAIZ',1,65),
	(169,'2016-01-01','FORTALECIFIENTO CULTIVO DE PLATANO',1,66),
	(170,'2016-01-01','FORTALECIMIENTO CULTIVO DE PALMA DE ACEITE',1,67),
	(171,'2016-01-01','FORTALECIMIENTO CULTIVO DE ARROZ',1,68),
	(172,'2016-01-01','CONSTRUCCION DE HABITACION (AREA ALOJAMIENTO DE 10M *25M EN MAMPOSTERIA CONFINADA',1,70),
	(173,'2016-01-01','CAMBIO DE CUBIERTA ENCHAPE GENERAL DE PISO CONSTRUCCION DE COCINA Y ADECUACION DE UNIDAD SANITARIA',1,71),
	(174,'2016-01-01','CONSTRUCCION DE UNIDAD BASICA DE VIVIENDA(HABTACIONES, COCINA Y UNIDAD SANITARIA, EN MAMPOSTERIA CONFINADA',1,72),
	(175,'2016-01-01','CONSTRUCCIÓN DE UNIDAD BÁSICA DE VIVIENDA (HABITACIONES, COCINA Y UNIDAD SANITARIA, EN MAMPOSTERÍA CONFINADA.\n',1,73),
	(176,'2016-01-01','CONSTRUCCIÓN DE DOS HABITACIONES CON BAÑO PRIVADO DE 4 M *4 M CON ÁREA SOCIAL.\n',1,74),
	(177,'2016-01-01','CONSTRUCCIÓN DE DOS HABITACIONES CON BAÑO PRIVADO, CON ÁREA SOCIAL DE 24 M2 DE FRENTE, SUMINISTRO DE TUBO SANITARIO DE 9\" PARA DRENAJE DE AGUAS A LA ENTRADA DE LA PROPIEDAD, CONSTRUCCIÓN  DE PLACA EN CONCRETO.\n',1,75),
	(178,'2016-01-01','CONSTRUCCION DE UNIDAD BASICA DE VIVIENDA(HABTACIONES, COCINA Y UNIDAD SANITARIA, EN MAMPOSTERIA CONFINADA',1,76),
	(179,'2016-01-01','PAÑETE GENERAL SOBRE MURO EN BLOQUE, ENCHAPE GENERAL , INSTALACIÓN DE CUBIERTA EN TEJA ARQUITECTÓNICA CONSTRUCCIÓN DE UNIDAD SANITARIA.\n',1,77),
	(180,'2016-01-01','CONSTRUCCIÓN DE DOS HABITACIONES, COCINA, EN BLOQUE DE ARCILLA  CON ESTRUCTURA EN CONCRETO REFORZADO\n',1,78),
	(181,'2016-01-01','CONSTRUCCIÓN DE DOS HABITACIONES , COCINA, UNIDADES SANITARIAS CON TANQUE LAVADERO\n',1,79),
	(182,'2016-01-01','CONSTRUCCIÓN DE DOS HABITACIONES, COCINA, UNIDAD SANITARIA, EN BLOQUE CON ESTRUCTURA EN CONCRETO REFORZADO ',1,80),
	(183,'2016-01-01','CONSTRUCCIÓN DE ESTRUCTURA EN CONCRETO REFORZADO, MAMPOSTERÍA PLACA DE ENTREPISO EN BLOQUELON\n',1,81),
	(184,'2016-01-01','CCONSTRUCCIÓN DE UNIDAD BÁSICA DE VIVIENDA( HABITACIONES, COCINA Y UNIDAD SANITARIA, EN MAMPOSTERÍA CONFINADA\n',1,82),
	(185,'2016-01-01','CONSTRUCCION DE UNIDAD BASICA DE VIVIENDA(HABTACIONES, COCINA Y UNIDAD SANITARIA, EN MAMPOSTERIA CONFINADA',1,83),
	(186,'2016-01-01','CONSTRUCCION DE ESTRUCTURA EN CONCRETO REFORZADO PLACA DE ENTREPISO EN BLOQUELON',1,84),
	(187,'2016-01-01','CONSTRUCION DE TRES HABITACIONES , UNIDAD SANITARIA Y AREA SOCIAL',1,85),
	(188,'2016-01-01','ENCHAPE  GENERAL DE PISO , INSTALACIÓN DE CUBIERTA EN MASTER MIL PREPINTADA. ',1,86),
	(189,'2016-01-01','CONSTRUCCION DE UNIDAD BASICA DE VIVIENDA(HABTACIONES, COCINA Y UNIDAD SANITARIA, EN MAMPOSTERIA CONFINADA',1,87),
	(190,'2016-01-01','INSTALACION DE SISTEMA DE TRATAMIENTO PARA POTABILIZACION DE AGUA Y CONSTRUCCION DE DOS HABITACIONES Y AREA COMUN  FRENTE A  LAS MISMAS',1,88),
	(191,'2016-01-01','CONSTRUCCION DE HABITACIONES , COCINA, UNIDAD SANITARIA), EN BLOQUE DE ARCILLA CON ESTRUCTURA EN CONCRETO REFORZADO',1,89),
	(192,'2016-01-01','CONSTRUCCIÓN DE UNIDAD BÁSICA DE VIVIENDA( HABITACIONES, COCINA Y UNIDAD SANITARIA, EN MAMPOSTERÍA CONFINADA\n',1,90),
	(193,'2016-01-01','INSTALACION DE SISTEMA DE TRATAMIENTO PARA POTABILIZACION DE AGUA Y CONSTRUCCION DE DOS HABITACIONES Y AREA COMUN  FRENTE A  LAS MISMAS',1,91),
	(194,'2016-01-01','INSTALACIÓN  SISTEMA DE TRATAMIENTO  PARA POTABILIZAR AGUA , ENCHAPE DE PLACA PERIMETRALES DE LA VIVIENDA.\n',1,92),
	(195,'2016-01-01','CONSTRUCCIÓN DE 2 HABITACIONES EN MAMPOSTERÍA CONFINADA, PAÑETE GENERAL DE LA VIVIENDA Y LA CONSTRUCCIÓN DE UNA UNIDAD SANITARIA DE DOS CUERPOS.',1,93),
	(196,'2016-01-01','CONSTRUCCION Y ENCHAPE DE COCINA EN MAMPOSTERIA CONFINDA, CONSTRUCCIOY ENCHAPE AREA SOCIAL, PAÑETE GENERAL',1,94),
	(197,'2016-01-01','CONSTRUCCIÓN DE DOS HABITACIONES EN MAMPOSTERÍA CONFINAD, PAÑETE GENERAL DE LA VIVIENDA Y CONSTRUCCIÓN DE UNIDAD SANITARIA DE DOS CUERPOS.\n',1,95),
	(198,'2016-01-01','INSTALACIÓN DE CUBIERTA EN TEJA ARQUITECTÓNICA , CONSTRUCCIÓN DE POZO SÉPTICO , ADECUACIÓN DE UNIDADES SANITARIAS, ENCHAPE GENERAL , INSTALACIÓN DE PUERTAS Y VENTANAS EN MADERA\n',1,96),
	(199,'2016-01-01','REMODELACIÓN COCINA, CAMBIO DE CUBIERTA , PAÑETE Y PINTURA EN TODA LA VIVIENDA ENCHAPÉ GENERAL  Y ADECUACIÓN DE UNIDAD SANITARIA\n',1,97),
	(200,'2016-01-01','CONSTRUCCIÓN DE DOS HABITACIONES , COCINA, UNIDAD SANITARIA, EN BLOQUE DE ARCILLA CON ESTRUCTURA EN CONCRETO REFORZADO\n',1,98),
	(201,'2016-01-01','CONSTRUCCIÓN DE DOS HABITACIONES , COCINA, UNIDAD SANITARIA, EN BLOQUE DE ARCILLA CON ESTRUCTURA EN CONCRETO REFORZADO\n',1,99),
	(202,'2016-01-01','CONSTRUCCIÓN DE HABITACIÓN EN MAMPOSTERÍA CONFINADA, CONSTRUCCIÓN DE  PISOS Y ENCHAPES DE LA VIVIENDA, SUMINISTRO E INSTALACIÓN  DE ORNAMENTACIÓN Y COMBO SANITARIO BLANCO\n',1,100),
	(203,'2016-01-01','CONSTRUCCION DE UNIDAD SANITARIA , PLACA DE PISO PERIMETRAL, PAÑETE GENERAL E INSTALACION DE CUBIERTA MASTERMIL PREPINTADA',1,101),
	(204,'2016-01-01','CONSTRUCCIÓN DE DOS HABITACIONES EN MAMPOSTERÍA CONFINADA CON BAÑO PRIVADO CADA UNA\n',1,102),
	(205,'2016-01-01','CONSTRUCCION DE ESTRUCTURA PARA TANQUE ELEVADO , HABITACION CON BAÑO PRIVADO',1,103),
	(206,'2016-01-01',' INSTALACION DE  CUBIERTA  NUEVA  EN TEJA MASTER MIL PREPINTADA,  INSTALACION DE  ENCHAPES EN PISO, ADECUACION DE UNIDADES SANITARIAS, PINTURA  GENERAL, REFORZAMIENTO DE MUROS ',1,104);

/*!40000 ALTER TABLE `visitas` ENABLE KEYS */;
UNLOCK TABLES;


# Volcado de tabla zonas_riesgos
# ------------------------------------------------------------

DROP TABLE IF EXISTS `zonas_riesgos`;

CREATE TABLE `zonas_riesgos` (
  `id` int(11) NOT NULL AUTO_INCREMENT,
  `id_riesgo` int(11) NOT NULL,
  `id_info_vivienda` int(11) NOT NULL,
  PRIMARY KEY (`id`),
  KEY `Refriesgos219` (`id_riesgo`),
  KEY `Refinformacion_viviendas261` (`id_info_vivienda`)
) ENGINE=InnoDB DEFAULT CHARSET=utf8;




/*!40111 SET SQL_NOTES=@OLD_SQL_NOTES */;
/*!40101 SET SQL_MODE=@OLD_SQL_MODE */;
/*!40014 SET FOREIGN_KEY_CHECKS=@OLD_FOREIGN_KEY_CHECKS */;
/*!40101 SET CHARACTER_SET_CLIENT=@OLD_CHARACTER_SET_CLIENT */;
/*!40101 SET CHARACTER_SET_RESULTS=@OLD_CHARACTER_SET_RESULTS */;
/*!40101 SET COLLATION_CONNECTION=@OLD_COLLATION_CONNECTION */;
